--
-- Host: localhost    Database: opencompass_db
-- ------------------------------------------------------
-- Server version	8.0.44

/*!40101 SET @OLD_CHARACTER_SET_CLIENT=@@CHARACTER_SET_CLIENT */;
/*!40101 SET @OLD_CHARACTER_SET_RESULTS=@@CHARACTER_SET_RESULTS */;
/*!40101 SET @OLD_COLLATION_CONNECTION=@@COLLATION_CONNECTION */;
/*!50503 SET NAMES utf8mb4 */;
/*!40103 SET @OLD_TIME_ZONE=@@TIME_ZONE */;
/*!40103 SET TIME_ZONE='+00:00' */;
/*!40014 SET @OLD_UNIQUE_CHECKS=@@UNIQUE_CHECKS, UNIQUE_CHECKS=0 */;
/*!40014 SET @OLD_FOREIGN_KEY_CHECKS=@@FOREIGN_KEY_CHECKS, FOREIGN_KEY_CHECKS=0 */;
/*!40101 SET @OLD_SQL_MODE=@@SQL_MODE, SQL_MODE='NO_AUTO_VALUE_ON_ZERO' */;
/*!40111 SET @OLD_SQL_NOTES=@@SQL_NOTES, SQL_NOTES=0 */;
--
-- Table structure for table `dataset_configs`
--

DROP TABLE IF EXISTS `dataset_configs`;
/*!40101 SET @saved_cs_client     = @@character_set_client */;
/*!50503 SET character_set_client = utf8mb4 */;
CREATE TABLE `dataset_configs` (
  `id` int NOT NULL AUTO_INCREMENT,
  `meta_id` int NOT NULL,
  `config_name` varchar(255) NOT NULL,
  `file_path` varchar(255) NOT NULL,
  `task_type` varchar(255) NOT NULL,
  `mode` varchar(255) NOT NULL,
  `prompt_version` varchar(255) DEFAULT NULL,
  `display_metric` varchar(255) NOT NULL,
  `reader_cfg` text,
  `infer_cfg` text,
  `metric_config` text,
  `post_process_cfg` text,
  `few_shot_cfg` text,
  `created_at` datetime NOT NULL,
  PRIMARY KEY (`id`),
  KEY `meta_id` (`meta_id`),
  KEY `ix_dataset_configs_config_name` (`config_name`),
  KEY `ix_dataset_configs_task_type` (`task_type`),
  CONSTRAINT `dataset_configs_ibfk_1` FOREIGN KEY (`meta_id`) REFERENCES `dataset_metas` (`id`)
) ENGINE=InnoDB AUTO_INCREMENT=387 DEFAULT CHARSET=utf8mb4 COLLATE=utf8mb4_0900_ai_ci;
/*!40101 SET character_set_client = @saved_cs_client */;

--
-- Dumping data for table `dataset_configs`
--

LOCK TABLES `dataset_configs` WRITE;
/*!40000 ALTER TABLE `dataset_configs` DISABLE KEYS */;
INSERT INTO `dataset_configs` VALUES (1,1,'adv_glue_mnli_gen','official://configs/datasets/adv_glue/adv_glue_mnli/adv_glue_mnli_gen.py','qa','gen',NULL,'Accuracy','{}','{}','{}','{}','{}','2026-01-11 14:34:02'),(2,2,'adv_glue_mnli_mm_gen','official://configs/datasets/adv_glue/adv_glue_mnli_mm/adv_glue_mnli_mm_gen.py','qa','gen',NULL,'Accuracy','{}','{}','{}','{}','{}','2026-01-11 14:34:02'),(3,3,'adv_glue_qnli_gen','official://configs/datasets/adv_glue/adv_glue_qnli/adv_glue_qnli_gen.py','qa','gen',NULL,'Accuracy','{}','{}','{}','{}','{}','2026-01-11 14:34:02'),(4,4,'adv_glue_qqp_gen','official://configs/datasets/adv_glue/adv_glue_qqp/adv_glue_qqp_gen.py','qa','gen',NULL,'Accuracy','{}','{}','{}','{}','{}','2026-01-11 14:34:02'),(5,5,'adv_glue_rte_gen','official://configs/datasets/adv_glue/adv_glue_rte/adv_glue_rte_gen.py','qa','gen',NULL,'Accuracy','{}','{}','{}','{}','{}','2026-01-11 14:34:02'),(6,6,'adv_glue_sst2_gen','official://configs/datasets/adv_glue/adv_glue_sst2/adv_glue_sst2_gen.py','qa','gen',NULL,'Accuracy','{}','{}','{}','{}','{}','2026-01-11 14:34:03'),(7,7,'agieval_gen','official://configs/datasets/agieval/agieval_gen.py','qa','gen',NULL,'Accuracy','{}','{}','{}','{}','{}','2026-01-11 14:34:03'),(8,7,'agieval_mixed','official://configs/datasets/agieval/agieval_mixed.py','qa','mixed',NULL,'Accuracy','{}','{}','{}','{}','{}','2026-01-11 14:34:03'),(9,8,'aime2024_0shot_nocot_genericllmeval_academic_gen','official://configs/datasets/aime2024/aime2024_0shot_nocot_genericllmeval_academic_gen.py','qa','gen',NULL,'LLM Score','{}','{}','{}','{}','{}','2026-01-11 14:34:03'),(10,8,'aime2024_gen','official://configs/datasets/aime2024/aime2024_gen.py','qa','gen',NULL,'Accuracy','{}','{}','{}','{}','{}','2026-01-11 14:34:03'),(11,8,'aime2024_llmjudge_gen','official://configs/datasets/aime2024/aime2024_llmjudge_gen.py','qa','gen',NULL,'Accuracy','{}','{}','{}','{}','{}','2026-01-11 14:34:04'),(12,9,'anli_gen','official://configs/datasets/anli/anli_gen.py','qa','gen',NULL,'Accuracy','{}','{}','{}','{}','{}','2026-01-11 14:34:04'),(13,9,'anli_ppl','official://configs/datasets/anli/anli_ppl.py','qa','ppl',NULL,'Accuracy','{}','{}','{}','{}','{}','2026-01-11 14:34:04'),(14,10,'airisk_gen','official://configs/datasets/anthropics_evals/airisk_gen.py','qa','gen',NULL,'Accuracy','{}','{}','{}','{}','{}','2026-01-11 14:34:04'),(15,10,'persona_gen','official://configs/datasets/anthropics_evals/persona_gen.py','qa','gen',NULL,'Accuracy','{}','{}','{}','{}','{}','2026-01-11 14:34:04'),(16,10,'sycophancy_gen','official://configs/datasets/anthropics_evals/sycophancy_gen.py','qa','gen',NULL,'Accuracy','{}','{}','{}','{}','{}','2026-01-11 14:34:04'),(17,11,'apps_gen','official://configs/datasets/apps/apps_gen.py','qa','gen',NULL,'Accuracy','{}','{}','{}','{}','{}','2026-01-11 14:34:05'),(18,11,'apps_mini_gen','official://configs/datasets/apps/apps_mini_gen.py','qa','gen',NULL,'Accuracy','{}','{}','{}','{}','{}','2026-01-11 14:34:05'),(19,12,'ARC_c_clean_ppl','official://configs/datasets/ARC_c/ARC_c_clean_ppl.py','qa','ppl',NULL,'Accuracy','{}','{}','{}','{}','{}','2026-01-11 14:34:05'),(20,12,'ARC_c_few_shot_ppl','official://configs/datasets/ARC_c/ARC_c_few_shot_ppl.py','qa','ppl',NULL,'Accuracy','{}','{}','{}','{}','{}','2026-01-11 14:34:05'),(21,12,'ARC_c_gen','official://configs/datasets/ARC_c/ARC_c_gen.py','qa','gen',NULL,'Accuracy','{}','{}','{}','{}','{}','2026-01-11 14:34:06'),(22,12,'ARC_c_ppl','official://configs/datasets/ARC_c/ARC_c_ppl.py','qa','ppl',NULL,'Accuracy','{}','{}','{}','{}','{}','2026-01-11 14:34:06'),(23,13,'ARC_e_gen','official://configs/datasets/ARC_e/ARC_e_gen.py','qa','gen',NULL,'Accuracy','{}','{}','{}','{}','{}','2026-01-11 14:34:06'),(24,13,'ARC_e_ppl','official://configs/datasets/ARC_e/ARC_e_ppl.py','qa','ppl',NULL,'Accuracy','{}','{}','{}','{}','{}','2026-01-11 14:34:06'),(25,14,'arc_agi_2_public_evaluation_gen','official://configs/datasets/ARC_Prize_Public_Evaluation/arc_agi_2_public_evaluation_gen.py','qa','gen',NULL,'Accuracy','{}','{}','{}','{}','{}','2026-01-11 14:34:06'),(26,14,'arc_prize_public_evaluation_gen','official://configs/datasets/ARC_Prize_Public_Evaluation/arc_prize_public_evaluation_gen.py','qa','gen',NULL,'Accuracy','{}','{}','{}','{}','{}','2026-01-11 14:34:07'),(27,15,'atlas_gen','official://configs/datasets/atlas/atlas_gen.py','qa','gen',NULL,'Accuracy','{}','{}','{}','{}','{}','2026-01-11 14:34:07'),(28,16,'babilong_0k_gen','official://configs/datasets/babilong/babilong_0k_gen.py','qa','gen',NULL,'Accuracy','{}','{}','{}','{}','{}','2026-01-11 14:34:07'),(29,16,'babilong_128k_gen','official://configs/datasets/babilong/babilong_128k_gen.py','qa','gen',NULL,'Accuracy','{}','{}','{}','{}','{}','2026-01-11 14:34:07'),(30,16,'babilong_16k_gen','official://configs/datasets/babilong/babilong_16k_gen.py','qa','gen',NULL,'Accuracy','{}','{}','{}','{}','{}','2026-01-11 14:34:07'),(31,16,'babilong_1m_gen','official://configs/datasets/babilong/babilong_1m_gen.py','qa','gen',NULL,'Accuracy','{}','{}','{}','{}','{}','2026-01-11 14:34:07'),(32,16,'babilong_256k_gen','official://configs/datasets/babilong/babilong_256k_gen.py','qa','gen',NULL,'Accuracy','{}','{}','{}','{}','{}','2026-01-11 14:34:08'),(33,16,'babilong_2k_gen','official://configs/datasets/babilong/babilong_2k_gen.py','qa','gen',NULL,'Accuracy','{}','{}','{}','{}','{}','2026-01-11 14:34:08'),(34,16,'babilong_32k_gen','official://configs/datasets/babilong/babilong_32k_gen.py','qa','gen',NULL,'Accuracy','{}','{}','{}','{}','{}','2026-01-11 14:34:08'),(35,16,'babilong_4k_gen','official://configs/datasets/babilong/babilong_4k_gen.py','qa','gen',NULL,'Accuracy','{}','{}','{}','{}','{}','2026-01-11 14:34:08'),(36,17,'bbeh_gen','official://configs/datasets/bbeh/bbeh_gen.py','qa','gen',NULL,'Accuracy','{}','{}','{}','{}','{}','2026-01-11 14:34:09'),(37,18,'bbh_0shot_nocot_academic_gen','official://configs/datasets/bbh/bbh_0shot_nocot_academic_gen.py','qa','gen',NULL,'LLM Score','{}','{}','{}','{}','{}','2026-01-11 14:34:09'),(38,18,'bbh_gen','official://configs/datasets/bbh/bbh_gen.py','qa','gen',NULL,'Accuracy','{}','{}','{}','{}','{}','2026-01-11 14:34:09'),(39,18,'bbh_llm_judge_gen','official://configs/datasets/bbh/bbh_llm_judge_gen.py','qa','gen',NULL,'Accuracy','{}','{}','{}','{}','{}','2026-01-11 14:34:09'),(40,19,'beyondaime_gen','official://configs/datasets/BeyondAIME/beyondaime_gen.py','qa','gen',NULL,'Accuracy','{}','{}','{}','{}','{}','2026-01-11 14:34:09'),(41,20,'bigcodebench_full_complete_gen','official://configs/datasets/bigcodebench/bigcodebench_full_complete_gen.py','qa','gen',NULL,'Pass@k','{}','{}','{}','{}','{}','2026-01-11 14:34:09'),(42,20,'bigcodebench_full_instruct_gen','official://configs/datasets/bigcodebench/bigcodebench_full_instruct_gen.py','qa','gen',NULL,'Pass@k','{}','{}','{}','{}','{}','2026-01-11 14:34:09'),(43,20,'bigcodebench_gen','official://configs/datasets/bigcodebench/bigcodebench_gen.py','qa','gen',NULL,'Pass@k','{}','{}','{}','{}','{}','2026-01-11 14:34:10'),(44,20,'bigcodebench_hard_complete_gen','official://configs/datasets/bigcodebench/bigcodebench_hard_complete_gen.py','qa','gen',NULL,'Pass@k','{}','{}','{}','{}','{}','2026-01-11 14:34:10'),(45,20,'bigcodebench_hard_instruct_gen','official://configs/datasets/bigcodebench/bigcodebench_hard_instruct_gen.py','qa','gen',NULL,'Pass@k','{}','{}','{}','{}','{}','2026-01-11 14:34:10'),(46,21,'biodata_task_gen','official://configs/datasets/biodata/biodata_task_gen.py','qa','gen',NULL,'Accuracy','{}','{}','{}','{}','{}','2026-01-11 14:34:10'),(47,22,'ceval_clean_ppl','official://configs/datasets/ceval/ceval_clean_ppl.py','qa','ppl',NULL,'Accuracy','{}','{}','{}','{}','{}','2026-01-11 14:34:10'),(48,22,'ceval_gen','official://configs/datasets/ceval/ceval_gen.py','qa','gen',NULL,'Accuracy','{}','{}','{}','{}','{}','2026-01-11 14:34:11'),(49,22,'ceval_ppl','official://configs/datasets/ceval/ceval_ppl.py','qa','ppl',NULL,'Accuracy','{}','{}','{}','{}','{}','2026-01-11 14:34:11'),(50,23,'charm_reason_gen','official://configs/datasets/CHARM/charm_reason_gen.py','qa','gen',NULL,'Accuracy','{}','{}','{}','{}','{}','2026-01-11 14:34:11'),(51,24,'chatobj_custom_gen','official://configs/datasets/chatobj_custom/chatobj_custom_gen.py','qa','gen',NULL,'LLM Score','{}','{}','{}','{}','{}','2026-01-11 14:34:11'),(52,25,'ChemBench_gen','official://configs/datasets/ChemBench/ChemBench_gen.py','qa','gen',NULL,'Accuracy','{}','{}','{}','{}','{}','2026-01-11 14:34:12'),(53,25,'ChemBench_llmjudge_gen','official://configs/datasets/ChemBench/ChemBench_llmjudge_gen.py','qa','gen',NULL,'Accuracy','{}','{}','{}','{}','{}','2026-01-11 14:34:12'),(54,26,'competition_gen','official://configs/datasets/chem_exam/competition_gen.py','qa','gen',NULL,'LLM Score','{}','{}','{}','{}','{}','2026-01-11 14:34:12'),(55,26,'gaokao_gen','official://configs/datasets/chem_exam/gaokao_gen.py','qa','gen',NULL,'LLM Score','{}','{}','{}','{}','{}','2026-01-11 14:34:12'),(56,27,'chinese_simpleqa_gen','official://configs/datasets/chinese_simpleqa/chinese_simpleqa_gen.py','qa','gen',NULL,'Perplexity','{}','{}','{}','{}','{}','2026-01-11 14:34:12'),(57,28,'ClimaQA_Gold_llm_judge_gen','official://configs/datasets/ClimaQA/ClimaQA_Gold_llm_judge_gen.py','qa','gen',NULL,'Accuracy','{}','{}','{}','{}','{}','2026-01-11 14:34:13'),(58,28,'ClimaQA_Silver_llm_judge_gen','official://configs/datasets/ClimaQA/ClimaQA_Silver_llm_judge_gen.py','qa','gen',NULL,'Accuracy','{}','{}','{}','{}','{}','2026-01-11 14:34:13'),(59,29,'ClinicBench_llmjudge_gen','official://configs/datasets/ClinicBench/ClinicBench_llmjudge_gen.py','qa','gen',NULL,'Accuracy','{}','{}','{}','{}','{}','2026-01-11 14:34:13'),(60,30,'clozeTest_maxmin_gen','official://configs/datasets/clozeTest_maxmin/clozeTest_maxmin_gen.py','qa','gen',NULL,'Accuracy','{}','{}','{}','{}','{}','2026-01-11 14:34:13'),(61,31,'CLUE_afqmc_gen','official://configs/datasets/CLUE_afqmc/CLUE_afqmc_gen.py','qa','gen',NULL,'Accuracy','{}','{}','{}','{}','{}','2026-01-11 14:34:13'),(62,31,'CLUE_afqmc_ppl','official://configs/datasets/CLUE_afqmc/CLUE_afqmc_ppl.py','qa','ppl',NULL,'Accuracy','{}','{}','{}','{}','{}','2026-01-11 14:34:14'),(63,32,'CLUE_C3_gen','official://configs/datasets/CLUE_C3/CLUE_C3_gen.py','qa','gen',NULL,'Accuracy','{}','{}','{}','{}','{}','2026-01-11 14:34:14'),(64,32,'CLUE_C3_ppl','official://configs/datasets/CLUE_C3/CLUE_C3_ppl.py','qa','ppl',NULL,'Accuracy','{}','{}','{}','{}','{}','2026-01-11 14:34:14'),(65,33,'CLUE_cmnli_gen','official://configs/datasets/CLUE_cmnli/CLUE_cmnli_gen.py','qa','gen',NULL,'Accuracy','{}','{}','{}','{}','{}','2026-01-11 14:34:14'),(66,33,'CLUE_cmnli_ppl','official://configs/datasets/CLUE_cmnli/CLUE_cmnli_ppl.py','qa','ppl',NULL,'Accuracy','{}','{}','{}','{}','{}','2026-01-11 14:34:14'),(67,34,'CLUE_CMRC_gen','official://configs/datasets/CLUE_CMRC/CLUE_CMRC_gen.py','qa','gen',NULL,'Accuracy','{}','{}','{}','{}','{}','2026-01-11 14:34:14'),(68,35,'CLUE_DRCD_gen','official://configs/datasets/CLUE_DRCD/CLUE_DRCD_gen.py','qa','gen',NULL,'Accuracy','{}','{}','{}','{}','{}','2026-01-11 14:34:15'),(69,36,'CLUE_ocnli_gen','official://configs/datasets/CLUE_ocnli/CLUE_ocnli_gen.py','qa','gen',NULL,'Accuracy','{}','{}','{}','{}','{}','2026-01-11 14:34:15'),(70,36,'CLUE_ocnli_ppl','official://configs/datasets/CLUE_ocnli/CLUE_ocnli_ppl.py','qa','ppl',NULL,'Accuracy','{}','{}','{}','{}','{}','2026-01-11 14:34:15'),(71,37,'cmb_gen','official://configs/datasets/cmb/cmb_gen.py','qa','gen',NULL,'Accuracy','{}','{}','{}','{}','{}','2026-01-11 14:34:15'),(72,38,'cmmlu_gen','official://configs/datasets/cmmlu/cmmlu_gen.py','qa','gen',NULL,'Accuracy','{}','{}','{}','{}','{}','2026-01-11 14:34:15'),(73,38,'cmmlu_llm_judge_gen','official://configs/datasets/cmmlu/cmmlu_llm_judge_gen.py','qa','gen',NULL,'Accuracy','{}','{}','{}','{}','{}','2026-01-11 14:34:16'),(74,38,'cmmlu_ppl','official://configs/datasets/cmmlu/cmmlu_ppl.py','qa','ppl',NULL,'Accuracy','{}','{}','{}','{}','{}','2026-01-11 14:34:16'),(75,39,'cmo_fib_gen','official://configs/datasets/cmo_fib/cmo_fib_gen.py','qa','gen',NULL,'Accuracy','{}','{}','{}','{}','{}','2026-01-11 14:34:17'),(76,40,'cmphysbench_gen','official://configs/datasets/CMPhysBench/cmphysbench_gen.py','qa','gen',NULL,'Accuracy','{}','{}','{}','{}','{}','2026-01-11 14:34:17'),(77,41,'commonsenseqa_gen','official://configs/datasets/commonsenseqa/commonsenseqa_gen.py','qa','gen',NULL,'Accuracy','{}','{}','{}','{}','{}','2026-01-11 14:34:17'),(78,41,'commonsenseqa_ppl','official://configs/datasets/commonsenseqa/commonsenseqa_ppl.py','qa','ppl',NULL,'Accuracy','{}','{}','{}','{}','{}','2026-01-11 14:34:17'),(79,42,'commonsenseqacn_gen','official://configs/datasets/commonsenseqa_cn/commonsenseqacn_gen.py','qa','gen',NULL,'Accuracy','{}','{}','{}','{}','{}','2026-01-11 14:34:18'),(80,42,'commonsenseqacn_ppl','official://configs/datasets/commonsenseqa_cn/commonsenseqacn_ppl.py','qa','ppl',NULL,'Accuracy','{}','{}','{}','{}','{}','2026-01-11 14:34:18'),(81,43,'compassbench_v1_3_objective_gen','official://configs/datasets/compassbench_v1_3/compassbench_v1_3_objective_gen.py','qa','gen',NULL,'Accuracy','{}','{}','{}','{}','{}','2026-01-11 14:34:18'),(82,44,'crowspairs_gen','official://configs/datasets/crowspairs/crowspairs_gen.py','qa','gen',NULL,'Accuracy','{}','{}','{}','{}','{}','2026-01-11 14:34:18'),(83,44,'crowspairs_ppl','official://configs/datasets/crowspairs/crowspairs_ppl.py','qa','ppl',NULL,'Accuracy','{}','{}','{}','{}','{}','2026-01-11 14:34:19'),(84,45,'crowspairscn_gen','official://configs/datasets/crowspairs_cn/crowspairscn_gen.py','qa','gen',NULL,'Accuracy','{}','{}','{}','{}','{}','2026-01-11 14:34:19'),(85,45,'crowspairscn_ppl','official://configs/datasets/crowspairs_cn/crowspairscn_ppl.py','qa','ppl',NULL,'Accuracy','{}','{}','{}','{}','{}','2026-01-11 14:34:20'),(86,46,'cvalues_responsibility_gen','official://configs/datasets/cvalues/cvalues_responsibility_gen.py','qa','gen',NULL,'Accuracy','{}','{}','{}','{}','{}','2026-01-11 14:34:20'),(87,47,'demo_cmmlu_base_ppl','official://configs/datasets/demo/demo_cmmlu_base_ppl.py','qa','ppl',NULL,'Accuracy','{}','{}','{}','{}','{}','2026-01-11 14:34:20'),(88,47,'demo_cmmlu_chat_gen','official://configs/datasets/demo/demo_cmmlu_chat_gen.py','qa','gen',NULL,'Accuracy','{}','{}','{}','{}','{}','2026-01-11 14:34:20'),(89,47,'demo_gsm8k_base_gen','official://configs/datasets/demo/demo_gsm8k_base_gen.py','qa','gen',NULL,'Accuracy','{}','{}','{}','{}','{}','2026-01-11 14:34:20'),(90,47,'demo_gsm8k_chat_gen','official://configs/datasets/demo/demo_gsm8k_chat_gen.py','qa','gen',NULL,'Accuracy','{}','{}','{}','{}','{}','2026-01-11 14:34:21'),(91,47,'demo_math_base_gen','official://configs/datasets/demo/demo_math_base_gen.py','qa','gen',NULL,'Accuracy','{}','{}','{}','{}','{}','2026-01-11 14:34:21'),(92,47,'demo_math_chat_gen','official://configs/datasets/demo/demo_math_chat_gen.py','qa','gen',NULL,'Accuracy','{}','{}','{}','{}','{}','2026-01-11 14:34:21'),(93,48,'dingo_gen','official://configs/datasets/dingo/dingo_gen.py','qa','gen',NULL,'Accuracy','{}','{}','{}','{}','{}','2026-01-11 14:34:21'),(94,49,'drop_gen','official://configs/datasets/drop/drop_gen.py','qa','gen',NULL,'Accuracy','{}','{}','{}','{}','{}','2026-01-11 14:34:22'),(95,49,'drop_llm_judge_gen','official://configs/datasets/drop/drop_llm_judge_gen.py','qa','gen',NULL,'Accuracy','{}','{}','{}','{}','{}','2026-01-11 14:34:22'),(96,50,'Earth_Silver_gen','official://configs/datasets/Earth_Silver/Earth_Silver_gen.py','multiple_choice','gen',NULL,'Accuracy','{}','{}','{}','{}','{}','2026-01-11 14:34:22'),(97,50,'Earth_Silver_llmjudge_gen','official://configs/datasets/Earth_Silver/Earth_Silver_llmjudge_gen.py','qa','gen',NULL,'LLM Score','{}','{}','{}','{}','{}','2026-01-11 14:34:22'),(98,51,'eese_llm_judge_gen','official://configs/datasets/eese/eese_llm_judge_gen.py','qa','gen',NULL,'LLM Score','{}','{}','{}','{}','{}','2026-01-11 14:34:22'),(99,52,'FewCLUE_bustm_gen','official://configs/datasets/FewCLUE_bustm/FewCLUE_bustm_gen.py','qa','gen',NULL,'Accuracy','{}','{}','{}','{}','{}','2026-01-11 14:34:22'),(100,52,'FewCLUE_bustm_ppl','official://configs/datasets/FewCLUE_bustm/FewCLUE_bustm_ppl.py','qa','ppl',NULL,'Accuracy','{}','{}','{}','{}','{}','2026-01-11 14:34:22'),(101,53,'FewCLUE_chid_gen','official://configs/datasets/FewCLUE_chid/FewCLUE_chid_gen.py','qa','gen',NULL,'Accuracy','{}','{}','{}','{}','{}','2026-01-11 14:34:23'),(102,53,'FewCLUE_chid_ppl','official://configs/datasets/FewCLUE_chid/FewCLUE_chid_ppl.py','qa','ppl',NULL,'Accuracy','{}','{}','{}','{}','{}','2026-01-11 14:34:23'),(103,54,'FewCLUE_cluewsc_gen','official://configs/datasets/FewCLUE_cluewsc/FewCLUE_cluewsc_gen.py','qa','gen',NULL,'Accuracy','{}','{}','{}','{}','{}','2026-01-11 14:34:23'),(104,54,'FewCLUE_cluewsc_ppl','official://configs/datasets/FewCLUE_cluewsc/FewCLUE_cluewsc_ppl.py','qa','ppl',NULL,'Accuracy','{}','{}','{}','{}','{}','2026-01-11 14:34:23'),(105,55,'FewCLUE_csl_gen','official://configs/datasets/FewCLUE_csl/FewCLUE_csl_gen.py','qa','gen',NULL,'Accuracy','{}','{}','{}','{}','{}','2026-01-11 14:34:23'),(106,55,'FewCLUE_csl_ppl','official://configs/datasets/FewCLUE_csl/FewCLUE_csl_ppl.py','qa','ppl',NULL,'Accuracy','{}','{}','{}','{}','{}','2026-01-11 14:34:24'),(107,56,'FewCLUE_eprstmt_gen','official://configs/datasets/FewCLUE_eprstmt/FewCLUE_eprstmt_gen.py','qa','gen',NULL,'Accuracy','{}','{}','{}','{}','{}','2026-01-11 14:34:24'),(108,56,'FewCLUE_eprstmt_ppl','official://configs/datasets/FewCLUE_eprstmt/FewCLUE_eprstmt_ppl.py','qa','ppl',NULL,'Accuracy','{}','{}','{}','{}','{}','2026-01-11 14:34:24'),(109,57,'FewCLUE_ocnli_fc_gen','official://configs/datasets/FewCLUE_ocnli_fc/FewCLUE_ocnli_fc_gen.py','qa','gen',NULL,'Accuracy','{}','{}','{}','{}','{}','2026-01-11 14:34:24'),(110,57,'FewCLUE_ocnli_fc_ppl','official://configs/datasets/FewCLUE_ocnli_fc/FewCLUE_ocnli_fc_ppl.py','qa','ppl',NULL,'Accuracy','{}','{}','{}','{}','{}','2026-01-11 14:34:24'),(111,58,'FewCLUE_tnews_gen','official://configs/datasets/FewCLUE_tnews/FewCLUE_tnews_gen.py','qa','gen',NULL,'Accuracy','{}','{}','{}','{}','{}','2026-01-11 14:34:24'),(112,58,'FewCLUE_tnews_ppl','official://configs/datasets/FewCLUE_tnews/FewCLUE_tnews_ppl.py','qa','ppl',NULL,'Accuracy','{}','{}','{}','{}','{}','2026-01-11 14:34:25'),(113,59,'FinanceIQ_gen','official://configs/datasets/FinanceIQ/FinanceIQ_gen.py','qa','gen',NULL,'Accuracy','{}','{}','{}','{}','{}','2026-01-11 14:34:25'),(114,59,'FinanceIQ_ppl','official://configs/datasets/FinanceIQ/FinanceIQ_ppl.py','qa','ppl',NULL,'Accuracy','{}','{}','{}','{}','{}','2026-01-11 14:34:25'),(115,60,'flores_gen','official://configs/datasets/flores/flores_gen.py','qa','gen',NULL,'Accuracy','{}','{}','{}','{}','{}','2026-01-11 14:34:25'),(116,61,'game24_gen','official://configs/datasets/game24/game24_gen.py','qa','gen',NULL,'Accuracy','{}','{}','{}','{}','{}','2026-01-11 14:34:25'),(117,62,'GaokaoBench_gen','official://configs/datasets/GaokaoBench/GaokaoBench_gen.py','qa','gen',NULL,'Accuracy','{}','{}','{}','{}','{}','2026-01-11 14:34:25'),(118,62,'GaokaoBench_mixed','official://configs/datasets/GaokaoBench/GaokaoBench_mixed.py','qa','mixed',NULL,'Accuracy','{}','{}','{}','{}','{}','2026-01-11 14:34:26'),(119,63,'GLUE_CoLA_ppl','official://configs/datasets/GLUE_CoLA/GLUE_CoLA_ppl.py','qa','ppl',NULL,'Accuracy','{}','{}','{}','{}','{}','2026-01-11 14:34:26'),(120,64,'GLUE_MRPC_ppl','official://configs/datasets/GLUE_MRPC/GLUE_MRPC_ppl.py','qa','ppl',NULL,'Accuracy','{}','{}','{}','{}','{}','2026-01-11 14:34:26'),(121,65,'GLUE_QQP_ppl','official://configs/datasets/GLUE_QQP/GLUE_QQP_ppl.py','qa','ppl',NULL,'Accuracy','{}','{}','{}','{}','{}','2026-01-11 14:34:26'),(122,66,'govrepcrs_gen','official://configs/datasets/govrepcrs/govrepcrs_gen.py','qa','gen',NULL,'Accuracy','{}','{}','{}','{}','{}','2026-01-11 14:34:26'),(123,67,'gpqa_gen','official://configs/datasets/gpqa/gpqa_gen.py','qa','gen',NULL,'Accuracy','{}','{}','{}','{}','{}','2026-01-11 14:34:27'),(124,67,'gpqa_llm_judge_gen','official://configs/datasets/gpqa/gpqa_llm_judge_gen.py','qa','gen',NULL,'Accuracy','{}','{}','{}','{}','{}','2026-01-11 14:34:27'),(125,68,'gsm8k_gen','official://configs/datasets/gsm8k/gsm8k_gen.py','qa','gen',NULL,'Accuracy','{}','{}','{}','{}','{}','2026-01-11 14:34:27'),(126,69,'gsmhard_gen','official://configs/datasets/gsm_hard/gsmhard_gen.py','qa','gen',NULL,'Accuracy','{}','{}','{}','{}','{}','2026-01-11 14:34:27'),(127,70,'hellaswag_clean_ppl','official://configs/datasets/hellaswag/hellaswag_clean_ppl.py','qa','ppl',NULL,'Accuracy','{}','{}','{}','{}','{}','2026-01-11 14:34:27'),(128,70,'hellaswag_gen','official://configs/datasets/hellaswag/hellaswag_gen.py','qa','gen',NULL,'Accuracy','{}','{}','{}','{}','{}','2026-01-11 14:34:28'),(129,70,'hellaswag_llm_judge_gen','official://configs/datasets/hellaswag/hellaswag_llm_judge_gen.py','qa','gen',NULL,'Accuracy','{}','{}','{}','{}','{}','2026-01-11 14:34:28'),(130,70,'hellaswag_ppl','official://configs/datasets/hellaswag/hellaswag_ppl.py','qa','ppl',NULL,'Accuracy','{}','{}','{}','{}','{}','2026-01-11 14:34:28'),(131,71,'hle_gen','official://configs/datasets/HLE/hle_gen.py','qa','gen',NULL,'Accuracy','{}','{}','{}','{}','{}','2026-01-11 14:34:28'),(132,72,'humaneval_gen','official://configs/datasets/humaneval/humaneval_gen.py','qa','gen',NULL,'Pass@k','{}','{}','{}','{}','{}','2026-01-11 14:34:28'),(133,73,'humanevalx_gen','official://configs/datasets/humanevalx/humanevalx_gen.py','qa','gen',NULL,'Pass@k','{}','{}','{}','{}','{}','2026-01-11 14:34:29'),(134,74,'humaneval_cn_gen','official://configs/datasets/humaneval_cn/humaneval_cn_gen.py','qa','gen',NULL,'Pass@k','{}','{}','{}','{}','{}','2026-01-11 14:34:29'),(135,75,'humaneval_multi_gen','official://configs/datasets/humaneval_multi/humaneval_multi_gen.py','qa','gen',NULL,'Pass@k','{}','{}','{}','{}','{}','2026-01-11 14:34:29'),(136,76,'humaneval_plus_gen','official://configs/datasets/humaneval_plus/humaneval_plus_gen.py','qa','gen',NULL,'Pass@k','{}','{}','{}','{}','{}','2026-01-11 14:34:29'),(137,77,'humaneval_pro_gen','official://configs/datasets/humaneval_pro/humaneval_pro_gen.py','qa','gen',NULL,'Pass@k','{}','{}','{}','{}','{}','2026-01-11 14:34:29'),(138,78,'hungarian_exam_gen','official://configs/datasets/hungarian_exam/hungarian_exam_gen.py','qa','gen',NULL,'Accuracy','{}','{}','{}','{}','{}','2026-01-11 14:34:29'),(139,79,'IFEval_gen','official://configs/datasets/IFEval/IFEval_gen.py','qa','gen',NULL,'Accuracy','{}','{}','{}','{}','{}','2026-01-11 14:34:30'),(140,80,'inference_ppl','official://configs/datasets/inference_ppl/inference_ppl.py','qa','ppl',NULL,'Accuracy','{}','{}','{}','{}','{}','2026-01-11 14:34:30'),(141,81,'infinitebench_codedebug_gen','official://configs/datasets/infinitebench/infinitebenchcodedebug/infinitebench_codedebug_gen.py','qa','gen',NULL,'Pass@k','{}','{}','{}','{}','{}','2026-01-11 14:34:30'),(142,82,'infinitebench_coderun_gen','official://configs/datasets/infinitebench/infinitebenchcoderun/infinitebench_coderun_gen.py','qa','gen',NULL,'Pass@k','{}','{}','{}','{}','{}','2026-01-11 14:34:30'),(143,83,'infinitebench_endia_gen','official://configs/datasets/infinitebench/infinitebenchendia/infinitebench_endia_gen.py','qa','gen',NULL,'Accuracy','{}','{}','{}','{}','{}','2026-01-11 14:34:30'),(144,84,'infinitebench_enmc_gen','official://configs/datasets/infinitebench/infinitebenchenmc/infinitebench_enmc_gen.py','qa','gen',NULL,'Accuracy','{}','{}','{}','{}','{}','2026-01-11 14:34:30'),(145,85,'infinitebench_enqa_gen','official://configs/datasets/infinitebench/infinitebenchenqa/infinitebench_enqa_gen.py','qa','gen',NULL,'Accuracy','{}','{}','{}','{}','{}','2026-01-11 14:34:31'),(146,86,'infinitebench_ensum_gen','official://configs/datasets/infinitebench/infinitebenchensum/infinitebench_ensum_gen.py','qa','gen',NULL,'Accuracy','{}','{}','{}','{}','{}','2026-01-11 14:34:31'),(147,87,'infinitebench_mathcalc_gen','official://configs/datasets/infinitebench/infinitebenchmathcalc/infinitebench_mathcalc_gen.py','qa','gen',NULL,'Accuracy','{}','{}','{}','{}','{}','2026-01-11 14:34:31'),(148,88,'infinitebench_mathfind_gen','official://configs/datasets/infinitebench/infinitebenchmathfind/infinitebench_mathfind_gen.py','qa','gen',NULL,'Accuracy','{}','{}','{}','{}','{}','2026-01-11 14:34:31'),(149,89,'infinitebench_retrievekv_gen','official://configs/datasets/infinitebench/infinitebenchretrievekv/infinitebench_retrievekv_gen.py','qa','gen',NULL,'Accuracy','{}','{}','{}','{}','{}','2026-01-11 14:34:31'),(150,90,'infinitebench_retrievenumber_gen','official://configs/datasets/infinitebench/infinitebenchretrievenumber/infinitebench_retrievenumber_gen.py','qa','gen',NULL,'Accuracy','{}','{}','{}','{}','{}','2026-01-11 14:34:31'),(151,91,'infinitebench_retrievepasskey_gen','official://configs/datasets/infinitebench/infinitebenchretrievepasskey/infinitebench_retrievepasskey_gen.py','qa','gen',NULL,'Accuracy','{}','{}','{}','{}','{}','2026-01-11 14:34:32'),(152,92,'infinitebench_zhqa_gen','official://configs/datasets/infinitebench/infinitebenchzhqa/infinitebench_zhqa_gen.py','qa','gen',NULL,'Accuracy','{}','{}','{}','{}','{}','2026-01-11 14:34:32'),(153,93,'internsandbox_gen','official://configs/datasets/internsandbox/internsandbox_gen.py','qa','gen',NULL,'Accuracy','{}','{}','{}','{}','{}','2026-01-11 14:34:32'),(154,94,'iwslt2017_gen','official://configs/datasets/iwslt2017/iwslt2017_gen.py','qa','gen',NULL,'Accuracy','{}','{}','{}','{}','{}','2026-01-11 14:34:32'),(155,95,'kaoshi_gen','official://configs/datasets/kaoshi/kaoshi_gen.py','qa','gen',NULL,'Accuracy','{}','{}','{}','{}','{}','2026-01-11 14:34:32'),(156,96,'kcle_llm_judge_gen','official://configs/datasets/kcle/kcle_llm_judge_gen.py','qa','gen',NULL,'LLM Score','{}','{}','{}','{}','{}','2026-01-11 14:34:33'),(157,97,'korbench_gen','official://configs/datasets/korbench/korbench_gen.py','qa','gen',NULL,'Accuracy','{}','{}','{}','{}','{}','2026-01-11 14:34:33'),(158,97,'korbench_llm_judge_gen','official://configs/datasets/korbench/korbench_llm_judge_gen.py','qa','gen',NULL,'Accuracy','{}','{}','{}','{}','{}','2026-01-11 14:34:33'),(159,97,'korbench_single_0shot_llmjudge_gen','official://configs/datasets/korbench/korbench_single_0shot_llmjudge_gen.py','qa','gen',NULL,'Perplexity','{}','{}','{}','{}','{}','2026-01-11 14:34:33'),(160,97,'korbench_single_0_shot_gen','official://configs/datasets/korbench/korbench_single_0_shot_gen.py','qa','gen',NULL,'Accuracy','{}','{}','{}','{}','{}','2026-01-11 14:34:33'),(161,97,'korbench_single_3_shot_gen','official://configs/datasets/korbench/korbench_single_3_shot_gen.py','qa','gen',NULL,'Accuracy','{}','{}','{}','{}','{}','2026-01-11 14:34:33'),(162,98,'lambada_gen','official://configs/datasets/lambada/lambada_gen.py','qa','gen',NULL,'Accuracy','{}','{}','{}','{}','{}','2026-01-11 14:34:34'),(163,99,'lcbench_gen','official://configs/datasets/LCBench/lcbench_gen.py','qa','gen',NULL,'Accuracy','{}','{}','{}','{}','{}','2026-01-11 14:34:34'),(164,99,'lcbench_repeat10_gen','official://configs/datasets/LCBench/lcbench_repeat10_gen.py','qa','gen',NULL,'Accuracy','{}','{}','{}','{}','{}','2026-01-11 14:34:34'),(165,100,'lcsts_gen','official://configs/datasets/lcsts/lcsts_gen.py','qa','gen',NULL,'Accuracy','{}','{}','{}','{}','{}','2026-01-11 14:34:34'),(166,101,'leval_coursera_gen','official://configs/datasets/leval/levalcoursera/leval_coursera_gen.py','qa','gen',NULL,'Accuracy','{}','{}','{}','{}','{}','2026-01-11 14:34:34'),(167,102,'leval_financialqa_gen','official://configs/datasets/leval/levalfinancialqa/leval_financialqa_gen.py','qa','gen',NULL,'Accuracy','{}','{}','{}','{}','{}','2026-01-11 14:34:34'),(168,103,'leval_gov_report_summ_gen','official://configs/datasets/leval/levalgovreportsumm/leval_gov_report_summ_gen.py','qa','gen',NULL,'Accuracy','{}','{}','{}','{}','{}','2026-01-11 14:34:35'),(169,104,'leval_gsm100_gen','official://configs/datasets/leval/levalgsm100/leval_gsm100_gen.py','qa','gen',NULL,'Accuracy','{}','{}','{}','{}','{}','2026-01-11 14:34:35'),(170,105,'leval_legalcontractqa_gen','official://configs/datasets/leval/levallegalcontractqa/leval_legalcontractqa_gen.py','qa','gen',NULL,'Accuracy','{}','{}','{}','{}','{}','2026-01-11 14:34:35'),(171,106,'leval_meetingsumm_gen','official://configs/datasets/leval/levalmeetingsumm/leval_meetingsumm_gen.py','qa','gen',NULL,'Accuracy','{}','{}','{}','{}','{}','2026-01-11 14:34:35'),(172,107,'leval_multidocqa_gen','official://configs/datasets/leval/levalmultidocqa/leval_multidocqa_gen.py','qa','gen',NULL,'Accuracy','{}','{}','{}','{}','{}','2026-01-11 14:34:35'),(173,108,'leval_narrativeqa_gen','official://configs/datasets/leval/levalnarrativeqa/leval_narrativeqa_gen.py','qa','gen',NULL,'Accuracy','{}','{}','{}','{}','{}','2026-01-11 14:34:36'),(174,109,'leval_naturalquestion_gen','official://configs/datasets/leval/levalnaturalquestion/leval_naturalquestion_gen.py','qa','gen',NULL,'Accuracy','{}','{}','{}','{}','{}','2026-01-11 14:34:36'),(175,110,'leval_newssumm_gen','official://configs/datasets/leval/levalnewssumm/leval_newssumm_gen.py','qa','gen',NULL,'Accuracy','{}','{}','{}','{}','{}','2026-01-11 14:34:36'),(176,111,'leval_paper_assistant_gen','official://configs/datasets/leval/levalpaperassistant/leval_paper_assistant_gen.py','qa','gen',NULL,'Accuracy','{}','{}','{}','{}','{}','2026-01-11 14:34:36'),(177,112,'leval_patent_summ_gen','official://configs/datasets/leval/levalpatentsumm/leval_patent_summ_gen.py','qa','gen',NULL,'Accuracy','{}','{}','{}','{}','{}','2026-01-11 14:34:36'),(178,113,'leval_quality_gen','official://configs/datasets/leval/levalquality/leval_quality_gen.py','qa','gen',NULL,'Accuracy','{}','{}','{}','{}','{}','2026-01-11 14:34:36'),(179,114,'leval_review_summ_gen','official://configs/datasets/leval/levalreviewsumm/leval_review_summ_gen.py','qa','gen',NULL,'Accuracy','{}','{}','{}','{}','{}','2026-01-11 14:34:37'),(180,115,'leval_scientificqa_gen','official://configs/datasets/leval/levalscientificqa/leval_scientificqa_gen.py','qa','gen',NULL,'Accuracy','{}','{}','{}','{}','{}','2026-01-11 14:34:37'),(181,116,'leval_topic_retrieval_gen','official://configs/datasets/leval/levaltopicretrieval/leval_topic_retrieval_gen.py','qa','gen',NULL,'Accuracy','{}','{}','{}','{}','{}','2026-01-11 14:34:37'),(182,117,'leval_tpo_gen','official://configs/datasets/leval/levaltpo/leval_tpo_gen.py','qa','gen',NULL,'Accuracy','{}','{}','{}','{}','{}','2026-01-11 14:34:37'),(183,118,'leval_tvshow_summ_gen','official://configs/datasets/leval/levaltvshowsumm/leval_tvshow_summ_gen.py','qa','gen',NULL,'Accuracy','{}','{}','{}','{}','{}','2026-01-11 14:34:37'),(184,119,'livecodebench_gen','official://configs/datasets/livecodebench/livecodebench_gen.py','qa','gen',NULL,'Pass@k','{}','{}','{}','{}','{}','2026-01-11 14:34:38'),(185,119,'livecodebench_pro_gen','official://configs/datasets/livecodebench/livecodebench_pro_gen.py','qa','gen',NULL,'Pass@k','{}','{}','{}','{}','{}','2026-01-11 14:34:38'),(186,120,'livemathbench_gen','official://configs/datasets/livemathbench/livemathbench_gen.py','qa','gen',NULL,'Accuracy','{}','{}','{}','{}','{}','2026-01-11 14:34:38'),(187,120,'livemathbench_greedy_gen','official://configs/datasets/livemathbench/livemathbench_greedy_gen.py','qa','gen',NULL,'Accuracy','{}','{}','{}','{}','{}','2026-01-11 14:34:38'),(188,121,'livereasonbench_gen','official://configs/datasets/livereasonbench/livereasonbench_gen.py','qa','gen',NULL,'Accuracy','{}','{}','{}','{}','{}','2026-01-11 14:34:38'),(189,122,'livestembench_gen','official://configs/datasets/livestembench/livestembench_gen.py','qa','gen',NULL,'Accuracy','{}','{}','{}','{}','{}','2026-01-11 14:34:38'),(190,123,'longbench_2wikimqa_gen','official://configs/datasets/longbench/longbench2wikimqa/longbench_2wikimqa_gen.py','qa','gen',NULL,'Accuracy','{}','{}','{}','{}','{}','2026-01-11 14:34:39'),(191,124,'longbench_dureader_gen','official://configs/datasets/longbench/longbenchdureader/longbench_dureader_gen.py','qa','gen',NULL,'Accuracy','{}','{}','{}','{}','{}','2026-01-11 14:34:39'),(192,125,'longbench_gov_report_gen','official://configs/datasets/longbench/longbenchgov_report/longbench_gov_report_gen.py','qa','gen',NULL,'Accuracy','{}','{}','{}','{}','{}','2026-01-11 14:34:39'),(193,126,'longbench_hotpotqa_gen','official://configs/datasets/longbench/longbenchhotpotqa/longbench_hotpotqa_gen.py','qa','gen',NULL,'Accuracy','{}','{}','{}','{}','{}','2026-01-11 14:34:39'),(194,127,'longbench_lcc_gen','official://configs/datasets/longbench/longbenchlcc/longbench_lcc_gen.py','qa','gen',NULL,'Accuracy','{}','{}','{}','{}','{}','2026-01-11 14:34:39'),(195,128,'longbench_lsht_gen','official://configs/datasets/longbench/longbenchlsht/longbench_lsht_gen.py','qa','gen',NULL,'Accuracy','{}','{}','{}','{}','{}','2026-01-11 14:34:39'),(196,129,'longbench_multifieldqa_en_gen','official://configs/datasets/longbench/longbenchmultifieldqa_en/longbench_multifieldqa_en_gen.py','qa','gen',NULL,'Accuracy','{}','{}','{}','{}','{}','2026-01-11 14:34:40'),(197,130,'longbench_multifieldqa_zh_gen','official://configs/datasets/longbench/longbenchmultifieldqa_zh/longbench_multifieldqa_zh_gen.py','qa','gen',NULL,'Accuracy','{}','{}','{}','{}','{}','2026-01-11 14:34:40'),(198,131,'longbench_multi_news_gen','official://configs/datasets/longbench/longbenchmulti_news/longbench_multi_news_gen.py','qa','gen',NULL,'Accuracy','{}','{}','{}','{}','{}','2026-01-11 14:34:40'),(199,132,'longbench_musique_gen','official://configs/datasets/longbench/longbenchmusique/longbench_musique_gen.py','qa','gen',NULL,'Accuracy','{}','{}','{}','{}','{}','2026-01-11 14:34:40'),(200,133,'longbench_narrativeqa_gen','official://configs/datasets/longbench/longbenchnarrativeqa/longbench_narrativeqa_gen.py','qa','gen',NULL,'Accuracy','{}','{}','{}','{}','{}','2026-01-11 14:34:40'),(201,134,'longbench_passage_count_gen','official://configs/datasets/longbench/longbenchpassage_count/longbench_passage_count_gen.py','qa','gen',NULL,'Accuracy','{}','{}','{}','{}','{}','2026-01-11 14:34:40'),(202,135,'longbench_passage_retrieval_en_gen','official://configs/datasets/longbench/longbenchpassage_retrieval_en/longbench_passage_retrieval_en_gen.py','qa','gen',NULL,'Accuracy','{}','{}','{}','{}','{}','2026-01-11 14:34:41'),(203,136,'longbench_passage_retrieval_zh_gen','official://configs/datasets/longbench/longbenchpassage_retrieval_zh/longbench_passage_retrieval_zh_gen.py','qa','gen',NULL,'Accuracy','{}','{}','{}','{}','{}','2026-01-11 14:34:41'),(204,137,'longbench_qasper_gen','official://configs/datasets/longbench/longbenchqasper/longbench_qasper_gen.py','qa','gen',NULL,'Accuracy','{}','{}','{}','{}','{}','2026-01-11 14:34:41'),(205,138,'longbench_qmsum_gen','official://configs/datasets/longbench/longbenchqmsum/longbench_qmsum_gen.py','qa','gen',NULL,'Accuracy','{}','{}','{}','{}','{}','2026-01-11 14:34:41'),(206,139,'longbench_repobench_gen','official://configs/datasets/longbench/longbenchrepobench/longbench_repobench_gen.py','qa','gen',NULL,'Accuracy','{}','{}','{}','{}','{}','2026-01-11 14:34:41'),(207,140,'longbench_samsum_gen','official://configs/datasets/longbench/longbenchsamsum/longbench_samsum_gen.py','qa','gen',NULL,'Accuracy','{}','{}','{}','{}','{}','2026-01-11 14:34:42'),(208,141,'longbench_trec_gen','official://configs/datasets/longbench/longbenchtrec/longbench_trec_gen.py','qa','gen',NULL,'Accuracy','{}','{}','{}','{}','{}','2026-01-11 14:34:42'),(209,142,'longbench_triviaqa_gen','official://configs/datasets/longbench/longbenchtriviaqa/longbench_triviaqa_gen.py','qa','gen',NULL,'Accuracy','{}','{}','{}','{}','{}','2026-01-11 14:34:42'),(210,143,'longbench_vcsum_gen','official://configs/datasets/longbench/longbenchvcsum/longbench_vcsum_gen.py','qa','gen',NULL,'Accuracy','{}','{}','{}','{}','{}','2026-01-11 14:34:42'),(211,144,'longbenchv2_gen','official://configs/datasets/longbenchv2/longbenchv2_gen.py','qa','gen',NULL,'Accuracy','{}','{}','{}','{}','{}','2026-01-11 14:34:43'),(212,145,'lveval_cmrc_mixup_gen','official://configs/datasets/lveval/lvevalcmrc_mixup/lveval_cmrc_mixup_gen.py','qa','gen',NULL,'Accuracy','{}','{}','{}','{}','{}','2026-01-11 14:34:43'),(213,146,'lveval_dureader_mixup_gen','official://configs/datasets/lveval/lvevaldureader_mixup/lveval_dureader_mixup_gen.py','qa','gen',NULL,'Accuracy','{}','{}','{}','{}','{}','2026-01-11 14:34:43'),(214,147,'lveval_factrecall_en_gen','official://configs/datasets/lveval/lvevalfactrecall_en/lveval_factrecall_en_gen.py','qa','gen',NULL,'Accuracy','{}','{}','{}','{}','{}','2026-01-11 14:34:43'),(215,148,'lveval_factrecall_zh_gen','official://configs/datasets/lveval/lvevalfactrecall_zh/lveval_factrecall_zh_gen.py','qa','gen',NULL,'Accuracy','{}','{}','{}','{}','{}','2026-01-11 14:34:43'),(216,149,'lveval_hotpotwikiqa_mixup_gen','official://configs/datasets/lveval/lvevalhotpotwikiqa_mixup/lveval_hotpotwikiqa_mixup_gen.py','qa','gen',NULL,'Accuracy','{}','{}','{}','{}','{}','2026-01-11 14:34:43'),(217,150,'lveval_lic_mixup_gen','official://configs/datasets/lveval/lvevallic_mixup/lveval_lic_mixup_gen.py','qa','gen',NULL,'Accuracy','{}','{}','{}','{}','{}','2026-01-11 14:34:44'),(218,151,'lveval_loogle_CR_mixup_gen','official://configs/datasets/lveval/lvevalloogle_CR_mixup/lveval_loogle_CR_mixup_gen.py','qa','gen',NULL,'Accuracy','{}','{}','{}','{}','{}','2026-01-11 14:34:44'),(219,152,'lveval_loogle_MIR_mixup_gen','official://configs/datasets/lveval/lvevalloogle_MIR_mixup/lveval_loogle_MIR_mixup_gen.py','qa','gen',NULL,'Accuracy','{}','{}','{}','{}','{}','2026-01-11 14:34:44'),(220,153,'lveval_loogle_SD_mixup_gen','official://configs/datasets/lveval/lvevalloogle_SD_mixup/lveval_loogle_SD_mixup_gen.py','qa','gen',NULL,'Accuracy','{}','{}','{}','{}','{}','2026-01-11 14:34:44'),(221,154,'lveval_multifieldqa_en_mixup_gen','official://configs/datasets/lveval/lvevalmultifieldqa_en_mixup/lveval_multifieldqa_en_mixup_gen.py','qa','gen',NULL,'Accuracy','{}','{}','{}','{}','{}','2026-01-11 14:34:44'),(222,155,'lveval_multifieldqa_zh_mixup_gen','official://configs/datasets/lveval/lvevalmultifieldqa_zh_mixup/lveval_multifieldqa_zh_mixup_gen.py','qa','gen',NULL,'Accuracy','{}','{}','{}','{}','{}','2026-01-11 14:34:44'),(223,156,'mastermath2024v1_gen','official://configs/datasets/mastermath2024v1/mastermath2024v1_gen.py','qa','gen',NULL,'Accuracy','{}','{}','{}','{}','{}','2026-01-11 14:34:45'),(224,157,'matbench_gen','official://configs/datasets/matbench/matbench_gen.py','qa','gen',NULL,'Accuracy','{}','{}','{}','{}','{}','2026-01-11 14:34:45'),(225,158,'math_500_gen','official://configs/datasets/math/math_500_gen.py','qa','gen',NULL,'Accuracy','{}','{}','{}','{}','{}','2026-01-11 14:34:45'),(226,158,'math_gen','official://configs/datasets/math/math_gen.py','qa','gen',NULL,'Accuracy','{}','{}','{}','{}','{}','2026-01-11 14:34:45'),(227,158,'math_llm_judge_gen','official://configs/datasets/math/math_llm_judge_gen.py','qa','gen',NULL,'Accuracy','{}','{}','{}','{}','{}','2026-01-11 14:34:45'),(228,158,'math_prm800k_500_0shot_cot_academic_gen','official://configs/datasets/math/math_prm800k_500_0shot_cot_academic_gen.py','qa','gen',NULL,'LLM Score','{}','{}','{}','{}','{}','2026-01-11 14:34:45'),(229,158,'math_prm800k_500_0shot_cot_gen','official://configs/datasets/math/math_prm800k_500_0shot_cot_gen.py','qa','gen',NULL,'Accuracy','{}','{}','{}','{}','{}','2026-01-11 14:34:46'),(230,158,'math_prm800k_500_gen','official://configs/datasets/math/math_prm800k_500_gen.py','qa','gen',NULL,'Accuracy','{}','{}','{}','{}','{}','2026-01-11 14:34:46'),(231,158,'math_prm800k_500_llm_judge_gen','official://configs/datasets/math/math_prm800k_500_llm_judge_gen.py','qa','gen',NULL,'Accuracy','{}','{}','{}','{}','{}','2026-01-11 14:34:46'),(232,159,'math401_gen','official://configs/datasets/math401/math401_gen.py','qa','gen',NULL,'Accuracy','{}','{}','{}','{}','{}','2026-01-11 14:34:46'),(233,160,'mathbench_gen','official://configs/datasets/MathBench/mathbench_gen.py','qa','gen',NULL,'Accuracy','{}','{}','{}','{}','{}','2026-01-11 14:34:46'),(234,161,'mbpp_gen','official://configs/datasets/mbpp/mbpp_gen.py','qa','gen',NULL,'Pass@k','{}','{}','{}','{}','{}','2026-01-11 14:34:46'),(235,162,'mbpp_cn_gen','official://configs/datasets/mbpp_cn/mbpp_cn_gen.py','qa','gen',NULL,'Pass@k','{}','{}','{}','{}','{}','2026-01-11 14:34:46'),(236,163,'mbpp_plus_gen','official://configs/datasets/mbpp_plus/mbpp_plus_gen.py','qa','gen',NULL,'Pass@k','{}','{}','{}','{}','{}','2026-01-11 14:34:47'),(237,164,'mbpp_pro_gen','official://configs/datasets/mbpp_pro/mbpp_pro_gen.py','qa','gen',NULL,'Pass@k','{}','{}','{}','{}','{}','2026-01-11 14:34:47'),(238,165,'medbench_gen','official://configs/datasets/MedBench/medbench_gen.py','qa','gen',NULL,'Accuracy','{}','{}','{}','{}','{}','2026-01-11 14:34:47'),(239,166,'medbullets_gen','official://configs/datasets/Medbullets/medbullets_gen.py','qa','gen',NULL,'Accuracy','{}','{}','{}','{}','{}','2026-01-11 14:34:47'),(240,166,'medbullets_llmjudge_gen','official://configs/datasets/Medbullets/medbullets_llmjudge_gen.py','qa','gen',NULL,'Accuracy','{}','{}','{}','{}','{}','2026-01-11 14:34:48'),(241,167,'medmcqa_gen','official://configs/datasets/medmcqa/medmcqa_gen.py','qa','gen',NULL,'Accuracy','{}','{}','{}','{}','{}','2026-01-11 14:34:48'),(242,167,'medmcqa_llmjudge_gen','official://configs/datasets/medmcqa/medmcqa_llmjudge_gen.py','qa','gen',NULL,'Accuracy','{}','{}','{}','{}','{}','2026-01-11 14:34:48'),(243,168,'MedXpertQA_gen','official://configs/datasets/MedXpertQA/MedXpertQA_gen.py','qa','gen',NULL,'Accuracy','{}','{}','{}','{}','{}','2026-01-11 14:34:48'),(244,168,'MedXpertQA_llmjudge_gen','official://configs/datasets/MedXpertQA/MedXpertQA_llmjudge_gen.py','qa','gen',NULL,'LLM Score','{}','{}','{}','{}','{}','2026-01-11 14:34:49'),(245,169,'mgsm_gen','official://configs/datasets/mgsm/mgsm_gen.py','qa','gen',NULL,'Accuracy','{}','{}','{}','{}','{}','2026-01-11 14:34:49'),(246,170,'mmlu_clean_ppl','official://configs/datasets/mmlu/mmlu_clean_ppl.py','qa','ppl',NULL,'Accuracy','{}','{}','{}','{}','{}','2026-01-11 14:34:49'),(247,170,'mmlu_gen','official://configs/datasets/mmlu/mmlu_gen.py','qa','gen',NULL,'Accuracy','{}','{}','{}','{}','{}','2026-01-11 14:34:49'),(248,170,'mmlu_llm_judge_gen','official://configs/datasets/mmlu/mmlu_llm_judge_gen.py','qa','gen',NULL,'Accuracy','{}','{}','{}','{}','{}','2026-01-11 14:34:49'),(249,170,'mmlu_ppl','official://configs/datasets/mmlu/mmlu_ppl.py','qa','ppl',NULL,'Accuracy','{}','{}','{}','{}','{}','2026-01-11 14:34:50'),(250,171,'MMLUArabic_gen','official://configs/datasets/MMLUArabic/MMLUArabic_gen.py','qa','gen',NULL,'Accuracy','{}','{}','{}','{}','{}','2026-01-11 14:34:50'),(251,171,'MMLUArabic_ppl','official://configs/datasets/MMLUArabic/MMLUArabic_ppl.py','qa','ppl',NULL,'Accuracy','{}','{}','{}','{}','{}','2026-01-11 14:34:50'),(252,171,'MMLUArabic_zero_shot_gen','official://configs/datasets/MMLUArabic/MMLUArabic_zero_shot_gen.py','qa','gen',NULL,'Accuracy','{}','{}','{}','{}','{}','2026-01-11 14:34:50'),(253,172,'mmlu_cf_gen','official://configs/datasets/mmlu_cf/mmlu_cf_gen.py','qa','gen',NULL,'Accuracy','{}','{}','{}','{}','{}','2026-01-11 14:34:50'),(254,173,'mmlu_pro_gen','official://configs/datasets/mmlu_pro/mmlu_pro_gen.py','qa','gen',NULL,'Accuracy','{}','{}','{}','{}','{}','2026-01-11 14:34:50'),(255,173,'mmlu_pro_llm_judge_gen','official://configs/datasets/mmlu_pro/mmlu_pro_llm_judge_gen.py','qa','gen',NULL,'Accuracy','{}','{}','{}','{}','{}','2026-01-11 14:34:51'),(256,174,'mmmlu_gen','official://configs/datasets/mmmlu/mmmlu_gen.py','qa','gen',NULL,'Accuracy','{}','{}','{}','{}','{}','2026-01-11 14:34:51'),(257,175,'mmmlu_lite_gen','official://configs/datasets/mmmlu_lite/mmmlu_lite_gen.py','qa','gen',NULL,'Accuracy','{}','{}','{}','{}','{}','2026-01-11 14:34:51'),(258,176,'mol_instructions_chem_gen','official://configs/datasets/MolInstructions_chem/mol_instructions_chem_gen.py','qa','gen',NULL,'METEOR','{}','{}','{}','{}','{}','2026-01-11 14:34:51'),(259,177,'multiple_gen','official://configs/datasets/multipl_e/multiple_gen.py','qa','gen',NULL,'Accuracy','{}','{}','{}','{}','{}','2026-01-11 14:34:51'),(260,178,'musr_gen','official://configs/datasets/musr/musr_gen.py','qa','gen',NULL,'Accuracy','{}','{}','{}','{}','{}','2026-01-11 14:34:51'),(261,178,'musr_llm_judge_gen','official://configs/datasets/musr/musr_llm_judge_gen.py','qa','gen',NULL,'Accuracy','{}','{}','{}','{}','{}','2026-01-11 14:34:52'),(262,179,'narrativeqa_gen','official://configs/datasets/narrativeqa/narrativeqa_gen.py','qa','gen',NULL,'Accuracy','{}','{}','{}','{}','{}','2026-01-11 14:34:52'),(263,180,'needlebench_base_gen','official://configs/datasets/needlebench/needlebench_base/needlebench_base_gen.py','qa','gen',NULL,'Accuracy','{}','{}','{}','{}','{}','2026-01-11 14:34:52'),(264,181,'nejmaibench_gen','official://configs/datasets/nejm_ai_benchmark/nejmaibench_gen.py','qa','gen',NULL,'Accuracy','{}','{}','{}','{}','{}','2026-01-11 14:34:52'),(265,181,'nejmaibench_llmjudge_gen','official://configs/datasets/nejm_ai_benchmark/nejmaibench_llmjudge_gen.py','qa','gen',NULL,'Accuracy','{}','{}','{}','{}','{}','2026-01-11 14:34:52'),(266,182,'NPHardEval_gen','official://configs/datasets/NPHardEval/NPHardEval_gen.py','qa','gen',NULL,'Accuracy','{}','{}','{}','{}','{}','2026-01-11 14:34:53'),(267,183,'nq_gen','official://configs/datasets/nq/nq_gen.py','qa','gen',NULL,'Accuracy','{}','{}','{}','{}','{}','2026-01-11 14:34:53'),(268,184,'nqcn_gen','official://configs/datasets/nq_cn/nqcn_gen.py','qa','gen',NULL,'Accuracy','{}','{}','{}','{}','{}','2026-01-11 14:34:53'),(269,185,'obqa_gen','official://configs/datasets/obqa/obqa_gen.py','qa','gen',NULL,'Accuracy','{}','{}','{}','{}','{}','2026-01-11 14:34:53'),(270,185,'obqa_ppl','official://configs/datasets/obqa/obqa_ppl.py','qa','ppl',NULL,'Accuracy','{}','{}','{}','{}','{}','2026-01-11 14:34:53'),(271,186,'ojbench_gen','official://configs/datasets/ojbench/ojbench_gen.py','qa','gen',NULL,'Accuracy','{}','{}','{}','{}','{}','2026-01-11 14:34:53'),(272,187,'olymmath_llm_judeg_gen','official://configs/datasets/OlymMATH/olymmath_llm_judeg_gen.py','qa','gen',NULL,'Accuracy','{}','{}','{}','{}','{}','2026-01-11 14:34:54'),(273,188,'omni_math_gen','official://configs/datasets/omni_math/omni_math_gen.py','qa','gen',NULL,'Accuracy','{}','{}','{}','{}','{}','2026-01-11 14:34:54'),(274,189,'OpenFinData_gen','official://configs/datasets/OpenFinData/OpenFinData_gen.py','qa','gen',NULL,'Accuracy','{}','{}','{}','{}','{}','2026-01-11 14:34:54'),(275,190,'openswi_gen','official://configs/datasets/openswi/openswi_gen.py','qa','gen',NULL,'Accuracy','{}','{}','{}','{}','{}','2026-01-11 14:34:54'),(276,191,'phybench_gen','official://configs/datasets/PHYBench/phybench_gen.py','qa','gen',NULL,'Accuracy','{}','{}','{}','{}','{}','2026-01-11 14:34:54'),(277,192,'PHYSICS_llm_judge_gen','official://configs/datasets/PHYSICS/PHYSICS_llm_judge_gen.py','qa','gen',NULL,'Accuracy','{}','{}','{}','{}','{}','2026-01-11 14:34:54'),(278,193,'piqa_gen','official://configs/datasets/piqa/piqa_gen.py','qa','gen',NULL,'Accuracy','{}','{}','{}','{}','{}','2026-01-11 14:34:55'),(279,193,'piqa_ppl','official://configs/datasets/piqa/piqa_ppl.py','qa','ppl',NULL,'Accuracy','{}','{}','{}','{}','{}','2026-01-11 14:34:55'),(280,194,'pi_llm_gen','official://configs/datasets/PI_LLM/pi_llm_gen.py','qa','gen',NULL,'Accuracy','{}','{}','{}','{}','{}','2026-01-11 14:34:55'),(281,195,'PJExam_gen','official://configs/datasets/PJExam/PJExam_gen.py','qa','gen',NULL,'Accuracy','{}','{}','{}','{}','{}','2026-01-11 14:34:55'),(282,196,'flores_gen','official://configs/datasets/PMMEval/flores_gen.py','qa','gen',NULL,'Accuracy','{}','{}','{}','{}','{}','2026-01-11 14:34:55'),(283,196,'humanevalxl_gen','official://configs/datasets/PMMEval/humanevalxl_gen.py','qa','gen',NULL,'Pass@k','{}','{}','{}','{}','{}','2026-01-11 14:34:55'),(284,196,'mgsm_gen','official://configs/datasets/PMMEval/mgsm_gen.py','qa','gen',NULL,'Accuracy','{}','{}','{}','{}','{}','2026-01-11 14:34:56'),(285,196,'mhellaswag_gen','official://configs/datasets/PMMEval/mhellaswag_gen.py','qa','gen',NULL,'Accuracy','{}','{}','{}','{}','{}','2026-01-11 14:34:56'),(286,196,'mifeval_gen','official://configs/datasets/PMMEval/mifeval_gen.py','qa','gen',NULL,'Accuracy','{}','{}','{}','{}','{}','2026-01-11 14:34:56'),(287,196,'mlogiqa_gen','official://configs/datasets/PMMEval/mlogiqa_gen.py','qa','gen',NULL,'Accuracy','{}','{}','{}','{}','{}','2026-01-11 14:34:56'),(288,196,'mmmlu_gen','official://configs/datasets/PMMEval/mmmlu_gen.py','qa','gen',NULL,'Accuracy','{}','{}','{}','{}','{}','2026-01-11 14:34:56'),(289,196,'pmmeval_gen','official://configs/datasets/PMMEval/pmmeval_gen.py','qa','gen',NULL,'Accuracy','{}','{}','{}','{}','{}','2026-01-11 14:34:56'),(290,196,'xnli_gen','official://configs/datasets/PMMEval/xnli_gen.py','qa','gen',NULL,'Accuracy','{}','{}','{}','{}','{}','2026-01-11 14:34:57'),(291,197,'PubMedQA_llmjudge_gen','official://configs/datasets/PubMedQA/PubMedQA_llmjudge_gen.py','qa','gen',NULL,'Accuracy','{}','{}','{}','{}','{}','2026-01-11 14:34:57'),(292,198,'py150_gen','official://configs/datasets/py150/py150_gen.py','qa','gen',NULL,'Accuracy','{}','{}','{}','{}','{}','2026-01-11 14:34:57'),(293,199,'qabench_gen','official://configs/datasets/qabench/qabench_gen.py','qa','gen',NULL,'Accuracy','{}','{}','{}','{}','{}','2026-01-11 14:34:57'),(294,200,'qasper_gen','official://configs/datasets/qasper/qasper_gen.py','qa','gen',NULL,'Accuracy','{}','{}','{}','{}','{}','2026-01-11 14:34:58'),(295,201,'qaspercut_gen','official://configs/datasets/qaspercut/qaspercut_gen.py','qa','gen',NULL,'Accuracy','{}','{}','{}','{}','{}','2026-01-11 14:34:58'),(296,202,'QuALITY_gen','official://configs/datasets/QuALITY/QuALITY_gen.py','qa','gen',NULL,'Accuracy','{}','{}','{}','{}','{}','2026-01-11 14:34:58'),(297,203,'race_few_shot_ppl','official://configs/datasets/race/race_few_shot_ppl.py','qa','ppl',NULL,'Accuracy','{}','{}','{}','{}','{}','2026-01-11 14:34:59'),(298,203,'race_gen','official://configs/datasets/race/race_gen.py','qa','gen',NULL,'Accuracy','{}','{}','{}','{}','{}','2026-01-11 14:34:59'),(299,203,'race_ppl','official://configs/datasets/race/race_ppl.py','qa','ppl',NULL,'Accuracy','{}','{}','{}','{}','{}','2026-01-11 14:34:59'),(300,204,'realtoxicprompts_gen','official://configs/datasets/realtoxicprompts/realtoxicprompts_gen.py','qa','gen',NULL,'Accuracy','{}','{}','{}','{}','{}','2026-01-11 14:35:00'),(301,205,'instruction_generalization_eng','official://configs/datasets/rolebench/instruction_generalization_eng.py','qa','gen',NULL,'ROUGE','{}','{}','{}','{}','{}','2026-01-11 14:35:00'),(302,205,'instruction_generalization_zh','official://configs/datasets/rolebench/instruction_generalization_zh.py','qa','gen',NULL,'ROUGE','{}','{}','{}','{}','{}','2026-01-11 14:35:01'),(303,205,'role_generalization_eng','official://configs/datasets/rolebench/role_generalization_eng.py','qa','gen',NULL,'ROUGE','{}','{}','{}','{}','{}','2026-01-11 14:35:01'),(304,206,'ruler_128k_gen','official://configs/datasets/ruler/ruler_128k_gen.py','qa','gen',NULL,'Accuracy','{}','{}','{}','{}','{}','2026-01-11 14:35:02'),(305,206,'ruler_16k_gen','official://configs/datasets/ruler/ruler_16k_gen.py','qa','gen',NULL,'Accuracy','{}','{}','{}','{}','{}','2026-01-11 14:35:02'),(306,206,'ruler_1m_gen','official://configs/datasets/ruler/ruler_1m_gen.py','qa','gen',NULL,'Accuracy','{}','{}','{}','{}','{}','2026-01-11 14:35:02'),(307,206,'ruler_256k_gen','official://configs/datasets/ruler/ruler_256k_gen.py','qa','gen',NULL,'Accuracy','{}','{}','{}','{}','{}','2026-01-11 14:35:02'),(308,206,'ruler_32k_gen','official://configs/datasets/ruler/ruler_32k_gen.py','qa','gen',NULL,'Accuracy','{}','{}','{}','{}','{}','2026-01-11 14:35:03'),(309,206,'ruler_4k_gen','official://configs/datasets/ruler/ruler_4k_gen.py','qa','gen',NULL,'Accuracy','{}','{}','{}','{}','{}','2026-01-11 14:35:03'),(310,206,'ruler_512k_gen','official://configs/datasets/ruler/ruler_512k_gen.py','qa','gen',NULL,'Accuracy','{}','{}','{}','{}','{}','2026-01-11 14:35:03'),(311,206,'ruler_64k_gen','official://configs/datasets/ruler/ruler_64k_gen.py','qa','gen',NULL,'Accuracy','{}','{}','{}','{}','{}','2026-01-11 14:35:04'),(312,206,'ruler_8k_gen','official://configs/datasets/ruler/ruler_8k_gen.py','qa','gen',NULL,'Accuracy','{}','{}','{}','{}','{}','2026-01-11 14:35:04'),(313,206,'ruler_combined_gen','official://configs/datasets/ruler/ruler_combined_gen.py','qa','gen',NULL,'Accuracy','{}','{}','{}','{}','{}','2026-01-11 14:35:04'),(314,206,'ruler_cwe_gen','official://configs/datasets/ruler/ruler_cwe_gen.py','qa','gen',NULL,'Accuracy','{}','{}','{}','{}','{}','2026-01-11 14:35:05'),(315,206,'ruler_fwe_gen','official://configs/datasets/ruler/ruler_fwe_gen.py','qa','gen',NULL,'Accuracy','{}','{}','{}','{}','{}','2026-01-11 14:35:05'),(316,206,'ruler_niah_gen','official://configs/datasets/ruler/ruler_niah_gen.py','qa','gen',NULL,'Recall','{}','{}','{}','{}','{}','2026-01-11 14:35:05'),(317,206,'ruler_qa_gen','official://configs/datasets/ruler/ruler_qa_gen.py','qa','gen',NULL,'Accuracy','{}','{}','{}','{}','{}','2026-01-11 14:35:06'),(318,206,'ruler_vt_gen','official://configs/datasets/ruler/ruler_vt_gen.py','qa','gen',NULL,'Accuracy','{}','{}','{}','{}','{}','2026-01-11 14:35:06'),(319,207,'s3eval_gen','official://configs/datasets/s3eval/s3eval_gen.py','qa','gen',NULL,'Accuracy','{}','{}','{}','{}','{}','2026-01-11 14:35:07'),(320,208,'safety_gen','official://configs/datasets/safety/safety_gen.py','qa','gen',NULL,'Accuracy','{}','{}','{}','{}','{}','2026-01-11 14:35:07'),(321,209,'scibench_gen','official://configs/datasets/scibench/scibench_gen.py','qa','gen',NULL,'Accuracy','{}','{}','{}','{}','{}','2026-01-11 14:35:08'),(322,210,'scicode_gen','official://configs/datasets/scicode/scicode_gen.py','qa','gen',NULL,'Pass@k','{}','{}','{}','{}','{}','2026-01-11 14:35:08'),(323,211,'ScienceQA_llmjudge_gen','official://configs/datasets/ScienceQA/ScienceQA_llmjudge_gen.py','qa','gen',NULL,'Accuracy','{}','{}','{}','{}','{}','2026-01-11 14:35:09'),(324,212,'seedbench_gen','official://configs/datasets/SeedBench/seedbench_gen.py','qa','gen',NULL,'Accuracy','{}','{}','{}','{}','{}','2026-01-11 14:35:09'),(325,213,'simpleqa_gen','official://configs/datasets/SimpleQA/simpleqa_gen.py','qa','gen',NULL,'Accuracy','{}','{}','{}','{}','{}','2026-01-11 14:35:09'),(326,214,'siqa_gen','official://configs/datasets/siqa/siqa_gen.py','qa','gen',NULL,'Accuracy','{}','{}','{}','{}','{}','2026-01-11 14:35:10'),(327,214,'siqa_ppl','official://configs/datasets/siqa/siqa_ppl.py','qa','ppl',NULL,'Accuracy','{}','{}','{}','{}','{}','2026-01-11 14:35:10'),(328,215,'smolinstruct_0shot_instruct_gen','official://configs/datasets/SmolInstruct/smolinstruct_0shot_instruct_gen.py','qa','gen',NULL,'Accuracy','{}','{}','{}','{}','{}','2026-01-11 14:35:10'),(329,215,'smolinstruct_gen','official://configs/datasets/SmolInstruct/smolinstruct_gen.py','qa','gen',NULL,'Accuracy','{}','{}','{}','{}','{}','2026-01-11 14:35:11'),(330,216,'squad20_gen','official://configs/datasets/squad20/squad20_gen.py','qa','gen',NULL,'Accuracy','{}','{}','{}','{}','{}','2026-01-11 14:35:11'),(331,217,'srbench_gen','official://configs/datasets/srbench/srbench_gen.py','qa','gen',NULL,'Accuracy','{}','{}','{}','{}','{}','2026-01-11 14:35:11'),(332,218,'storycloze_gen','official://configs/datasets/storycloze/storycloze_gen.py','qa','gen',NULL,'Accuracy','{}','{}','{}','{}','{}','2026-01-11 14:35:12'),(333,218,'storycloze_ppl','official://configs/datasets/storycloze/storycloze_ppl.py','qa','ppl',NULL,'Accuracy','{}','{}','{}','{}','{}','2026-01-11 14:35:12'),(334,219,'strategyqa_gen','official://configs/datasets/strategyqa/strategyqa_gen.py','qa','gen',NULL,'Accuracy','{}','{}','{}','{}','{}','2026-01-11 14:35:12'),(335,220,'flames_gen','official://configs/datasets/subjective/flames/flames_gen.py','qa','gen',NULL,'Accuracy','{}','{}','{}','{}','{}','2026-01-11 14:35:13'),(336,221,'summedits_gen','official://configs/datasets/summedits/summedits_gen.py','qa','gen',NULL,'Accuracy','{}','{}','{}','{}','{}','2026-01-11 14:35:13'),(337,221,'summedits_ppl','official://configs/datasets/summedits/summedits_ppl.py','qa','ppl',NULL,'Accuracy','{}','{}','{}','{}','{}','2026-01-11 14:35:13'),(338,222,'summscreen_gen','official://configs/datasets/summscreen/summscreen_gen.py','qa','gen',NULL,'Accuracy','{}','{}','{}','{}','{}','2026-01-11 14:35:13'),(339,223,'SuperGLUE_AX_b_gen','official://configs/datasets/SuperGLUE_AX_b/SuperGLUE_AX_b_gen.py','qa','gen',NULL,'Accuracy','{}','{}','{}','{}','{}','2026-01-11 14:35:13'),(340,223,'SuperGLUE_AX_b_ppl','official://configs/datasets/SuperGLUE_AX_b/SuperGLUE_AX_b_ppl.py','qa','ppl',NULL,'Accuracy','{}','{}','{}','{}','{}','2026-01-11 14:35:13'),(341,224,'SuperGLUE_AX_g_gen','official://configs/datasets/SuperGLUE_AX_g/SuperGLUE_AX_g_gen.py','qa','gen',NULL,'Accuracy','{}','{}','{}','{}','{}','2026-01-11 14:35:14'),(342,224,'SuperGLUE_AX_g_ppl','official://configs/datasets/SuperGLUE_AX_g/SuperGLUE_AX_g_ppl.py','qa','ppl',NULL,'Accuracy','{}','{}','{}','{}','{}','2026-01-11 14:35:14'),(343,225,'SuperGLUE_BoolQ_few_shot_ppl','official://configs/datasets/SuperGLUE_BoolQ/SuperGLUE_BoolQ_few_shot_ppl.py','qa','ppl',NULL,'Accuracy','{}','{}','{}','{}','{}','2026-01-11 14:35:14'),(344,225,'SuperGLUE_BoolQ_gen','official://configs/datasets/SuperGLUE_BoolQ/SuperGLUE_BoolQ_gen.py','qa','gen',NULL,'Accuracy','{}','{}','{}','{}','{}','2026-01-11 14:35:14'),(345,225,'SuperGLUE_BoolQ_ppl','official://configs/datasets/SuperGLUE_BoolQ/SuperGLUE_BoolQ_ppl.py','qa','ppl',NULL,'Accuracy','{}','{}','{}','{}','{}','2026-01-11 14:35:15'),(346,226,'SuperGLUE_CB_gen','official://configs/datasets/SuperGLUE_CB/SuperGLUE_CB_gen.py','qa','gen',NULL,'Accuracy','{}','{}','{}','{}','{}','2026-01-11 14:35:15'),(347,226,'SuperGLUE_CB_ppl','official://configs/datasets/SuperGLUE_CB/SuperGLUE_CB_ppl.py','qa','ppl',NULL,'Accuracy','{}','{}','{}','{}','{}','2026-01-11 14:35:15'),(348,227,'SuperGLUE_COPA_gen','official://configs/datasets/SuperGLUE_COPA/SuperGLUE_COPA_gen.py','qa','gen',NULL,'Accuracy','{}','{}','{}','{}','{}','2026-01-11 14:35:16'),(349,227,'SuperGLUE_COPA_ppl','official://configs/datasets/SuperGLUE_COPA/SuperGLUE_COPA_ppl.py','qa','ppl',NULL,'Accuracy','{}','{}','{}','{}','{}','2026-01-11 14:35:16'),(350,228,'SuperGLUE_MultiRC_gen','official://configs/datasets/SuperGLUE_MultiRC/SuperGLUE_MultiRC_gen.py','qa','gen',NULL,'Accuracy','{}','{}','{}','{}','{}','2026-01-11 14:35:16'),(351,228,'SuperGLUE_MultiRC_ppl','official://configs/datasets/SuperGLUE_MultiRC/SuperGLUE_MultiRC_ppl.py','qa','ppl',NULL,'Accuracy','{}','{}','{}','{}','{}','2026-01-11 14:35:16'),(352,229,'SuperGLUE_ReCoRD_gen','official://configs/datasets/SuperGLUE_ReCoRD/SuperGLUE_ReCoRD_gen.py','qa','gen',NULL,'Accuracy','{}','{}','{}','{}','{}','2026-01-11 14:35:16'),(353,230,'SuperGLUE_RTE_gen','official://configs/datasets/SuperGLUE_RTE/SuperGLUE_RTE_gen.py','qa','gen',NULL,'Accuracy','{}','{}','{}','{}','{}','2026-01-11 14:35:17'),(354,230,'SuperGLUE_RTE_ppl','official://configs/datasets/SuperGLUE_RTE/SuperGLUE_RTE_ppl.py','qa','ppl',NULL,'Accuracy','{}','{}','{}','{}','{}','2026-01-11 14:35:17'),(355,231,'SuperGLUE_WiC_gen','official://configs/datasets/SuperGLUE_WiC/SuperGLUE_WiC_gen.py','qa','gen',NULL,'Accuracy','{}','{}','{}','{}','{}','2026-01-11 14:35:17'),(356,231,'SuperGLUE_WiC_ppl','official://configs/datasets/SuperGLUE_WiC/SuperGLUE_WiC_ppl.py','qa','ppl',NULL,'Accuracy','{}','{}','{}','{}','{}','2026-01-11 14:35:17'),(357,232,'SuperGLUE_WSC_gen','official://configs/datasets/SuperGLUE_WSC/SuperGLUE_WSC_gen.py','qa','gen',NULL,'Accuracy','{}','{}','{}','{}','{}','2026-01-11 14:35:17'),(358,232,'SuperGLUE_WSC_ppl','official://configs/datasets/SuperGLUE_WSC/SuperGLUE_WSC_ppl.py','qa','ppl',NULL,'Accuracy','{}','{}','{}','{}','{}','2026-01-11 14:35:17'),(359,233,'supergpqa_gen','official://configs/datasets/supergpqa/supergpqa_gen.py','qa','gen',NULL,'Accuracy','{}','{}','{}','{}','{}','2026-01-11 14:35:18'),(360,234,'svamp_gen','official://configs/datasets/SVAMP/svamp_gen.py','qa','gen',NULL,'Accuracy','{}','{}','{}','{}','{}','2026-01-11 14:35:18'),(361,235,'TabMWP_gen','official://configs/datasets/TabMWP/TabMWP_gen.py','qa','gen',NULL,'Accuracy','{}','{}','{}','{}','{}','2026-01-11 14:35:18'),(362,236,'taco_gen','official://configs/datasets/taco/taco_gen.py','qa','gen',NULL,'Accuracy','{}','{}','{}','{}','{}','2026-01-11 14:35:18'),(363,237,'teval_en_gen','official://configs/datasets/teval/teval_en_gen.py','qa','gen',NULL,'Accuracy','{}','{}','{}','{}','{}','2026-01-11 14:35:18'),(364,237,'teval_zh_gen','official://configs/datasets/teval/teval_zh_gen.py','qa','gen',NULL,'Accuracy','{}','{}','{}','{}','{}','2026-01-11 14:35:18'),(365,238,'TheoremQA_gen','official://configs/datasets/TheoremQA/TheoremQA_gen.py','qa','gen',NULL,'Accuracy','{}','{}','{}','{}','{}','2026-01-11 14:35:19'),(366,239,'triviaqa_gen','official://configs/datasets/triviaqa/triviaqa_gen.py','qa','gen',NULL,'Accuracy','{}','{}','{}','{}','{}','2026-01-11 14:35:19'),(367,240,'triviaqarc_gen','official://configs/datasets/triviaqarc/triviaqarc_gen.py','qa','gen',NULL,'Accuracy','{}','{}','{}','{}','{}','2026-01-11 14:35:19'),(368,241,'truthfulqa_gen','official://configs/datasets/truthfulqa/truthfulqa_gen.py','qa','gen',NULL,'Accuracy','{}','{}','{}','{}','{}','2026-01-11 14:35:19'),(369,242,'tydiqa_gen','official://configs/datasets/tydiqa/tydiqa_gen.py','qa','gen',NULL,'Accuracy','{}','{}','{}','{}','{}','2026-01-11 14:35:19'),(370,243,'wikibench_gen','official://configs/datasets/wikibench/wikibench_gen.py','qa','gen',NULL,'Accuracy','{}','{}','{}','{}','{}','2026-01-11 14:35:20'),(371,244,'wikitext_103_raw_ppl','official://configs/datasets/wikitext/wikitext_103_raw_ppl.py','qa','ppl',NULL,'Accuracy','{}','{}','{}','{}','{}','2026-01-11 14:35:20'),(372,244,'wikitext_2_raw_ppl','official://configs/datasets/wikitext/wikitext_2_raw_ppl.py','qa','ppl',NULL,'Accuracy','{}','{}','{}','{}','{}','2026-01-11 14:35:20'),(373,245,'winograd_ppl','official://configs/datasets/winograd/winograd_ppl.py','qa','ppl',NULL,'Accuracy','{}','{}','{}','{}','{}','2026-01-11 14:35:20'),(374,246,'winogrande_gen','official://configs/datasets/winogrande/winogrande_gen.py','qa','gen',NULL,'Accuracy','{}','{}','{}','{}','{}','2026-01-11 14:35:20'),(375,247,'XCOPA_ppl','official://configs/datasets/XCOPA/XCOPA_ppl.py','qa','ppl',NULL,'Accuracy','{}','{}','{}','{}','{}','2026-01-11 14:35:20'),(376,248,'xiezhi_gen','official://configs/datasets/xiezhi/xiezhi_gen.py','qa','gen',NULL,'Accuracy','{}','{}','{}','{}','{}','2026-01-11 14:35:21'),(377,248,'xiezhi_ppl','official://configs/datasets/xiezhi/xiezhi_ppl.py','qa','ppl',NULL,'Accuracy','{}','{}','{}','{}','{}','2026-01-11 14:35:21'),(378,249,'XLSum_gen','official://configs/datasets/XLSum/XLSum_gen.py','qa','gen',NULL,'Accuracy','{}','{}','{}','{}','{}','2026-01-11 14:35:21'),(379,250,'Xsum_gen','official://configs/datasets/Xsum/Xsum_gen.py','qa','gen',NULL,'Accuracy','{}','{}','{}','{}','{}','2026-01-11 14:35:21'),(380,251,'数据集A_Accuracy','/app/data/datasets/数据集A_base.jsonl','qa','gen',NULL,'Accuracy','{\"input_columns\":[\"question_stem\",\"question_choices_A\",\"question_choices_B\",\"question_choices_C\",\"question_choices_D\",\"answerKey\"],\"output_column\":\"answerKey\",\"mapping\":{\"question\":\"question_stem\",\"optA\":\"question_choices_A\",\"optB\":\"question_choices_B\",\"optC\":\"question_choices_C\",\"optD\":\"question_choices_D\",\"answer\":\"answerKey\"}}','{\"prompt_template\":{\"type\":\"PromptTemplate\",\"template\":\"Question: {question_stem}\\nA. {question_choices_A}\\nB. {question_choices_B}\\nC. {question_choices_C}\\nD. {question_choices_D}\\nAnswer:\"},\"retriever\":{\"type\":\"ZeroRetriever\"},\"inferencer\":{\"type\":\"GenInferencer\"}}','{\"evaluator\":{\"type\":\"AccEvaluator\"}}','{\"type\":\"opencompass.utils.text_postprocessors.first_option_postprocess\",\"options\":\"ABCD\"}','{}','2026-01-11 14:42:16'),(381,252,'数据集B_Accuracy','/app/data/datasets/数据集B_base.jsonl','qa','gen',NULL,'Accuracy','{\"input_columns\":[\"question_stem\",\"question_choices_A\",\"question_choices_B\",\"question_choices_C\",\"question_choices_D\",\"answerKey\"],\"output_column\":\"answerKey\",\"mapping\":{\"question\":\"question_stem\",\"optA\":\"question_choices_A\",\"optB\":\"question_choices_B\",\"optC\":\"question_choices_C\",\"optD\":\"question_choices_D\",\"answer\":\"answerKey\"}}','{\"prompt_template\":{\"type\":\"PromptTemplate\",\"template\":\"Question: {question_stem}\\nA. {question_choices_A}\\nB. {question_choices_B}\\nC. {question_choices_C}\\nD. {question_choices_D}\\nAnswer:\"},\"retriever\":{\"type\":\"ZeroRetriever\"},\"inferencer\":{\"type\":\"GenInferencer\"}}','{\"evaluator\":{\"type\":\"AccEvaluator\"}}','{\"type\":\"opencompass.utils.text_postprocessors.first_option_postprocess\",\"options\":\"ABCD\"}','{}','2026-01-11 14:42:55'),(382,253,'数据集C_Accuracy','/app/data/datasets/数据集C_base.jsonl','qa','gen',NULL,'Accuracy','{\"input_columns\":[\"question_stem\",\"question_choices_A\",\"question_choices_B\",\"question_choices_C\",\"question_choices_D\",\"answerKey\"],\"output_column\":\"answerKey\",\"mapping\":{\"question\":\"question_stem\",\"optA\":\"question_choices_A\",\"optB\":\"question_choices_B\",\"optC\":\"question_choices_C\",\"optD\":\"question_choices_D\",\"answer\":\"answerKey\"}}','{\"prompt_template\":{\"type\":\"PromptTemplate\",\"template\":\"Question: {question_stem}\\nA. {question_choices_A}\\nB. {question_choices_B}\\nC. {question_choices_C}\\nD. {question_choices_D}\\nAnswer:\"},\"retriever\":{\"type\":\"ZeroRetriever\"},\"inferencer\":{\"type\":\"GenInferencer\"}}','{\"evaluator\":{\"type\":\"AccEvaluator\"}}','{\"type\":\"opencompass.utils.text_postprocessors.first_option_postprocess\",\"options\":\"ABCD\"}','{}','2026-01-11 14:43:19'),(383,254,'数据集D_Accuracy','/app/data/datasets/数据集D_base.jsonl','qa','gen',NULL,'Accuracy','{\"input_columns\":[\"question_stem\",\"question_choices_A\",\"question_choices_B\",\"question_choices_C\",\"question_choices_D\",\"answerKey\"],\"output_column\":\"answerKey\",\"mapping\":{\"question\":\"question_stem\",\"optA\":\"question_choices_A\",\"optB\":\"question_choices_B\",\"optC\":\"question_choices_C\",\"optD\":\"question_choices_D\",\"answer\":\"answerKey\"}}','{\"prompt_template\":{\"type\":\"PromptTemplate\",\"template\":\"Question: {question_stem}\\nA. {question_choices_A}\\nB. {question_choices_B}\\nC. {question_choices_C}\\nD. {question_choices_D}\\nAnswer:\"},\"retriever\":{\"type\":\"ZeroRetriever\"},\"inferencer\":{\"type\":\"GenInferencer\"}}','{\"evaluator\":{\"type\":\"AccEvaluator\"}}','{\"type\":\"opencompass.utils.text_postprocessors.first_option_postprocess\",\"options\":\"ABCD\"}','{}','2026-01-11 14:43:46'),(384,255,'图像数据集_EM','/app/data/datasets/图像数据集/▓Γ╩╘╬─╝■/图像数据集_processed.jsonl','qa','gen',NULL,'EM','{\"input_columns\":[\"question\",\"answer\",\"image\"],\"output_column\":\"answer\",\"mapping\":{\"prompt\":\"question\",\"target\":\"answer\",\"image\":\"image\"}}','{\"prompt_template\":{\"type\":\"PromptTemplate\",\"template\":\"Question: {question}\\nAnswer:\"},\"retriever\":{\"type\":\"ZeroRetriever\"},\"inferencer\":{\"type\":\"GenInferencer\"}}','{\"evaluator\":{\"type\":\"EMEvaluator\"}}','{}','{}','2026-01-11 14:58:59'),(385,256,'我的数据集_Accuracy','/app/data/datasets/我的数据集_base.jsonl','qa','gen',NULL,'Accuracy','{\"input_columns\":[\"question_stem\",\"question_choices_A\",\"question_choices_B\",\"question_choices_C\",\"question_choices_D\",\"answerKey\"],\"output_column\":\"answerKey\",\"mapping\":{\"question\":\"question_stem\",\"optA\":\"question_choices_A\",\"optB\":\"question_choices_B\",\"optC\":\"question_choices_C\",\"optD\":\"question_choices_D\",\"answer\":\"answerKey\"}}','{\"prompt_template\":{\"type\":\"PromptTemplate\",\"template\":\"Question: {question_stem}\\nA. {question_choices_A}\\nB. {question_choices_B}\\nC. {question_choices_C}\\nD. {question_choices_D}\\nAnswer:\"},\"retriever\":{\"type\":\"ZeroRetriever\"},\"inferencer\":{\"type\":\"GenInferencer\"}}','{\"evaluator\":{\"type\":\"AccEvaluator\"}}','{\"type\":\"opencompass.utils.text_postprocessors.first_option_postprocess\",\"options\":\"ABCD\"}','{}','2026-01-12 02:51:16'),(386,257,'视频数据集_ROUGE','/app/data/datasets/视频数据集/▓Γ╩╘╬─╝■/视频数据集_processed.jsonl','qa','gen',NULL,'ROUGE','{\"input_columns\":[\"question\",\"answer\",\"video\"],\"output_column\":\"answer\",\"mapping\":{\"prompt\":\"question\",\"target\":\"answer\",\"video\":\"video\"}}','{\"prompt_template\":{\"type\":\"PromptTemplate\",\"template\":\"Question: {question}\\nAnswer:\"},\"retriever\":{\"type\":\"ZeroRetriever\"},\"inferencer\":{\"type\":\"GenInferencer\"}}','{\"evaluator\":{\"type\":\"RougeEvaluator\"}}','{}','{}','2026-01-12 02:54:10');
/*!40000 ALTER TABLE `dataset_configs` ENABLE KEYS */;
UNLOCK TABLES;

--
-- Table structure for table `dataset_metas`
--

DROP TABLE IF EXISTS `dataset_metas`;
/*!40101 SET @saved_cs_client     = @@character_set_client */;
/*!50503 SET character_set_client = utf8mb4 */;
CREATE TABLE `dataset_metas` (
  `id` int NOT NULL AUTO_INCREMENT,
  `name` varchar(255) NOT NULL,
  `category` varchar(255) NOT NULL,
  `description` varchar(255) DEFAULT NULL,
  `is_deleted` tinyint(1) NOT NULL,
  `modality` varchar(255) NOT NULL,
  `data_count` int NOT NULL,
  `created_at` datetime NOT NULL,
  PRIMARY KEY (`id`),
  UNIQUE KEY `ix_dataset_metas_name` (`name`)
) ENGINE=InnoDB AUTO_INCREMENT=258 DEFAULT CHARSET=utf8mb4 COLLATE=utf8mb4_0900_ai_ci;
/*!40101 SET character_set_client = @saved_cs_client */;

--
-- Dumping data for table `dataset_metas`
--

LOCK TABLES `dataset_metas` WRITE;
/*!40000 ALTER TABLE `dataset_metas` DISABLE KEYS */;
INSERT INTO `dataset_metas` VALUES (1,'adv_glue_mnli','Reasoning','Official Dataset',0,'Text',0,'2026-01-11 14:34:02'),(2,'adv_glue_mnli_mm','Reasoning','Official Dataset',0,'Text',0,'2026-01-11 14:34:02'),(3,'adv_glue_qnli','Reasoning','Official Dataset',0,'Text',0,'2026-01-11 14:34:02'),(4,'adv_glue_qqp','Other','Official Dataset',0,'Text',0,'2026-01-11 14:34:02'),(5,'adv_glue_rte','Other','Official Dataset',0,'Text',0,'2026-01-11 14:34:02'),(6,'adv_glue_sst2','Other','Official Dataset',0,'Text',0,'2026-01-11 14:34:03'),(7,'agieval','Examination','Official Dataset',0,'Text',0,'2026-01-11 14:34:03'),(8,'aime2024','Examination','Official Dataset',0,'Text',0,'2026-01-11 14:34:03'),(9,'anli','Reasoning','Official Dataset',0,'Text',0,'2026-01-11 14:34:04'),(10,'anthropics_evals','Other','Official Dataset',0,'Text',0,'2026-01-11 14:34:04'),(11,'apps','Code','Official Dataset',0,'Text',0,'2026-01-11 14:34:05'),(12,'ARC_c','Reasoning','Official Dataset',0,'Text',1472,'2026-01-11 14:34:05'),(13,'ARC_e','Reasoning','Official Dataset',0,'Text',2946,'2026-01-11 14:34:06'),(14,'ARC_Prize_Public_Evaluation','Reasoning','Official Dataset',0,'Text',0,'2026-01-11 14:34:06'),(15,'atlas','Other','Official Dataset',0,'Text',0,'2026-01-11 14:34:07'),(16,'babilong','Long Context','Official Dataset',0,'Text',0,'2026-01-11 14:34:07'),(17,'bbeh','Other','Official Dataset',0,'Text',0,'2026-01-11 14:34:08'),(18,'bbh','Other','Official Dataset',0,'Text',0,'2026-01-11 14:34:09'),(19,'BeyondAIME','Math','Official Dataset',0,'Text',0,'2026-01-11 14:34:09'),(20,'bigcodebench','Code','Official Dataset',0,'Text',0,'2026-01-11 14:34:09'),(21,'biodata','Other','Official Dataset',0,'Text',0,'2026-01-11 14:34:10'),(22,'ceval','Knowledge','Official Dataset',0,'Text',0,'2026-01-11 14:34:10'),(23,'CHARM','Reasoning','Official Dataset',0,'Text',0,'2026-01-11 14:34:11'),(24,'chatobj_custom','Dialogue','Official Dataset',0,'Text',0,'2026-01-11 14:34:11'),(25,'ChemBench','Knowledge','Official Dataset',0,'Text',0,'2026-01-11 14:34:12'),(26,'chem_exam','Knowledge','Official Dataset',0,'Text',0,'2026-01-11 14:34:12'),(27,'chinese_simpleqa','Knowledge','Official Dataset',0,'Text',0,'2026-01-11 14:34:12'),(28,'ClimaQA','Science','Official Dataset',0,'Text',0,'2026-01-11 14:34:13'),(29,'ClinicBench','Knowledge','Official Dataset',0,'Text',0,'2026-01-11 14:34:13'),(30,'clozeTest_maxmin','Other','Official Dataset',0,'Text',0,'2026-01-11 14:34:13'),(31,'CLUE_afqmc','Other','Official Dataset',0,'Text',0,'2026-01-11 14:34:13'),(32,'CLUE_C3','Other','Official Dataset',0,'Text',0,'2026-01-11 14:34:14'),(33,'CLUE_cmnli','Reasoning','Official Dataset',0,'Text',0,'2026-01-11 14:34:14'),(34,'CLUE_CMRC','Other','Official Dataset',0,'Text',0,'2026-01-11 14:34:14'),(35,'CLUE_DRCD','Other','Official Dataset',0,'Text',0,'2026-01-11 14:34:15'),(36,'CLUE_ocnli','Reasoning','Official Dataset',0,'Text',0,'2026-01-11 14:34:15'),(37,'cmb','Knowledge','Official Dataset',0,'Text',11480,'2026-01-11 14:34:15'),(38,'cmmlu','Understanding','Official Dataset',0,'Text',0,'2026-01-11 14:34:15'),(39,'cmo_fib','Examination','Official Dataset',0,'Text',0,'2026-01-11 14:34:17'),(40,'CMPhysBench','Knowledge','Official Dataset',0,'Text',0,'2026-01-11 14:34:17'),(41,'commonsenseqa','Knowledge','Official Dataset',0,'Text',12102,'2026-01-11 14:34:17'),(42,'commonsenseqa_cn','Knowledge','Official Dataset',0,'Text',10962,'2026-01-11 14:34:18'),(43,'compassbench_v1_3','Knowledge','Official Dataset',0,'Text',0,'2026-01-11 14:34:18'),(44,'crowspairs','Safety','Official Dataset',0,'Text',0,'2026-01-11 14:34:18'),(45,'crowspairs_cn','Safety','Official Dataset',0,'Text',1508,'2026-01-11 14:34:19'),(46,'cvalues','Safety','Official Dataset',0,'Text',0,'2026-01-11 14:34:20'),(47,'demo','Other','Official Dataset',0,'Text',0,'2026-01-11 14:34:20'),(48,'dingo','Other','Official Dataset',0,'Text',0,'2026-01-11 14:34:21'),(49,'drop','Other','Official Dataset',0,'Text',440,'2026-01-11 14:34:22'),(50,'Earth_Silver','Other','Official Dataset',0,'Text',0,'2026-01-11 14:34:22'),(51,'eese','Science','Official Dataset',0,'Text',0,'2026-01-11 14:34:22'),(52,'FewCLUE_bustm','Other','Official Dataset',0,'Text',0,'2026-01-11 14:34:22'),(53,'FewCLUE_chid','Other','Official Dataset',0,'Text',0,'2026-01-11 14:34:23'),(54,'FewCLUE_cluewsc','Other','Official Dataset',0,'Text',0,'2026-01-11 14:34:23'),(55,'FewCLUE_csl','Other','Official Dataset',0,'Text',0,'2026-01-11 14:34:23'),(56,'FewCLUE_eprstmt','Other','Official Dataset',0,'Text',0,'2026-01-11 14:34:24'),(57,'FewCLUE_ocnli_fc','Reasoning','Official Dataset',0,'Text',0,'2026-01-11 14:34:24'),(58,'FewCLUE_tnews','Other','Official Dataset',0,'Text',0,'2026-01-11 14:34:24'),(59,'FinanceIQ','Knowledge','Official Dataset',0,'Text',0,'2026-01-11 14:34:25'),(60,'flores','Language','Official Dataset',0,'Text',0,'2026-01-11 14:34:25'),(61,'game24','Math','Official Dataset',0,'Text',1362,'2026-01-11 14:34:25'),(62,'GaokaoBench','Examination','Official Dataset',0,'Text',0,'2026-01-11 14:34:25'),(63,'GLUE_CoLA','Other','Official Dataset',0,'Text',0,'2026-01-11 14:34:26'),(64,'GLUE_MRPC','Other','Official Dataset',0,'Text',0,'2026-01-11 14:34:26'),(65,'GLUE_QQP','Other','Official Dataset',0,'Text',0,'2026-01-11 14:34:26'),(66,'govrepcrs','Other','Official Dataset',0,'Text',0,'2026-01-11 14:34:26'),(67,'gpqa','Knowledge','Official Dataset',0,'Text',56661,'2026-01-11 14:34:27'),(68,'gsm8k','Math','Official Dataset',0,'Text',17584,'2026-01-11 14:34:27'),(69,'gsm_hard','Other','Official Dataset',0,'Text',0,'2026-01-11 14:34:27'),(70,'hellaswag','Reasoning','Official Dataset',0,'Text',49973,'2026-01-11 14:34:27'),(71,'HLE','Other','Official Dataset',0,'Text',0,'2026-01-11 14:34:28'),(72,'humaneval','Code','Official Dataset',0,'Text',164,'2026-01-11 14:34:28'),(73,'humanevalx','Code','Official Dataset',0,'Text',0,'2026-01-11 14:34:29'),(74,'humaneval_cn','Code','Official Dataset',0,'Text',164,'2026-01-11 14:34:29'),(75,'humaneval_multi','Code','Official Dataset',0,'Text',164,'2026-01-11 14:34:29'),(76,'humaneval_plus','Code','Official Dataset',0,'Text',164,'2026-01-11 14:34:29'),(77,'humaneval_pro','Code','Official Dataset',0,'Text',164,'2026-01-11 14:34:29'),(78,'hungarian_exam','Knowledge','Official Dataset',0,'Text',0,'2026-01-11 14:34:29'),(79,'IFEval','Instruction Following','Official Dataset',0,'Text',0,'2026-01-11 14:34:30'),(80,'inference_ppl','Other','Official Dataset',0,'Text',0,'2026-01-11 14:34:30'),(81,'infinitebenchcodedebug','Code','Official Dataset',0,'Text',3946,'2026-01-11 14:34:30'),(82,'infinitebenchcoderun','Code','Official Dataset',0,'Text',3946,'2026-01-11 14:34:30'),(83,'infinitebenchendia','Knowledge','Official Dataset',0,'Text',3946,'2026-01-11 14:34:30'),(84,'infinitebenchenmc','Knowledge','Official Dataset',0,'Text',3946,'2026-01-11 14:34:30'),(85,'infinitebenchenqa','Knowledge','Official Dataset',0,'Text',3946,'2026-01-11 14:34:31'),(86,'infinitebenchensum','Knowledge','Official Dataset',0,'Text',3946,'2026-01-11 14:34:31'),(87,'infinitebenchmathcalc','Math','Official Dataset',0,'Text',3946,'2026-01-11 14:34:31'),(88,'infinitebenchmathfind','Math','Official Dataset',0,'Text',3946,'2026-01-11 14:34:31'),(89,'infinitebenchretrievekv','Knowledge','Official Dataset',0,'Text',3946,'2026-01-11 14:34:31'),(90,'infinitebenchretrievenumber','Knowledge','Official Dataset',0,'Text',3946,'2026-01-11 14:34:31'),(91,'infinitebenchretrievepasskey','Knowledge','Official Dataset',0,'Text',3946,'2026-01-11 14:34:32'),(92,'infinitebenchzhqa','Knowledge','Official Dataset',0,'Text',3946,'2026-01-11 14:34:32'),(93,'internsandbox','Reasoning','Official Dataset',0,'Text',0,'2026-01-11 14:34:32'),(94,'iwslt2017','Language','Official Dataset',0,'Text',0,'2026-01-11 14:34:32'),(95,'kaoshi','Other','Official Dataset',0,'Text',0,'2026-01-11 14:34:32'),(96,'kcle','Other','Official Dataset',0,'Text',0,'2026-01-11 14:34:33'),(97,'korbench','Knowledge','Official Dataset',0,'Text',0,'2026-01-11 14:34:33'),(98,'lambada','Understanding','Official Dataset',0,'Text',5153,'2026-01-11 14:34:34'),(99,'LCBench','Code','Official Dataset',0,'Text',0,'2026-01-11 14:34:34'),(100,'lcsts','Understanding','Official Dataset',0,'Text',21332,'2026-01-11 14:34:34'),(101,'levalcoursera','Other','Official Dataset',0,'Text',0,'2026-01-11 14:34:34'),(102,'levalfinancialqa','Reasoning','Official Dataset',0,'Text',0,'2026-01-11 14:34:34'),(103,'levalgovreportsumm','Other','Official Dataset',0,'Text',0,'2026-01-11 14:34:35'),(104,'levalgsm100','Other','Official Dataset',0,'Text',0,'2026-01-11 14:34:35'),(105,'levallegalcontractqa','Reasoning','Official Dataset',0,'Text',0,'2026-01-11 14:34:35'),(106,'levalmeetingsumm','Other','Official Dataset',0,'Text',0,'2026-01-11 14:34:35'),(107,'levalmultidocqa','Reasoning','Official Dataset',0,'Text',0,'2026-01-11 14:34:35'),(108,'levalnarrativeqa','Understanding','Official Dataset',0,'Text',0,'2026-01-11 14:34:36'),(109,'levalnaturalquestion','Other','Official Dataset',0,'Text',0,'2026-01-11 14:34:36'),(110,'levalnewssumm','Other','Official Dataset',0,'Text',0,'2026-01-11 14:34:36'),(111,'levalpaperassistant','Other','Official Dataset',0,'Text',0,'2026-01-11 14:34:36'),(112,'levalpatentsumm','Other','Official Dataset',0,'Text',0,'2026-01-11 14:34:36'),(113,'levalquality','Long Context','Official Dataset',0,'Text',0,'2026-01-11 14:34:36'),(114,'levalreviewsumm','Other','Official Dataset',0,'Text',0,'2026-01-11 14:34:37'),(115,'levalscientificqa','Reasoning','Official Dataset',0,'Text',0,'2026-01-11 14:34:37'),(116,'levaltopicretrieval','Other','Official Dataset',0,'Text',0,'2026-01-11 14:34:37'),(117,'levaltpo','Other','Official Dataset',0,'Text',0,'2026-01-11 14:34:37'),(118,'levaltvshowsumm','Other','Official Dataset',0,'Text',0,'2026-01-11 14:34:37'),(119,'livecodebench','Code','Official Dataset',0,'Text',0,'2026-01-11 14:34:38'),(120,'livemathbench','Math','Official Dataset',0,'Text',0,'2026-01-11 14:34:38'),(121,'livereasonbench','Reasoning','Official Dataset',0,'Text',0,'2026-01-11 14:34:38'),(122,'livestembench','','Official Dataset',0,'Text',0,'2026-01-11 14:34:38'),(123,'longbench2wikimqa','Long Context','Official Dataset',0,'Text',0,'2026-01-11 14:34:39'),(124,'longbenchdureader','Long Context','Official Dataset',0,'Text',0,'2026-01-11 14:34:39'),(125,'longbenchgov_report','Long Context','Official Dataset',0,'Text',0,'2026-01-11 14:34:39'),(126,'longbenchhotpotqa','Long Context','Official Dataset',0,'Text',0,'2026-01-11 14:34:39'),(127,'longbenchlcc','Long Context','Official Dataset',0,'Text',0,'2026-01-11 14:34:39'),(128,'longbenchlsht','Long Context','Official Dataset',0,'Text',0,'2026-01-11 14:34:39'),(129,'longbenchmultifieldqa_en','Long Context','Official Dataset',0,'Text',0,'2026-01-11 14:34:40'),(130,'longbenchmultifieldqa_zh','Long Context','Official Dataset',0,'Text',0,'2026-01-11 14:34:40'),(131,'longbenchmulti_news','Long Context','Official Dataset',0,'Text',0,'2026-01-11 14:34:40'),(132,'longbenchmusique','Long Context','Official Dataset',0,'Text',0,'2026-01-11 14:34:40'),(133,'longbenchnarrativeqa','Long Context','Official Dataset',0,'Text',0,'2026-01-11 14:34:40'),(134,'longbenchpassage_count','Long Context','Official Dataset',0,'Text',0,'2026-01-11 14:34:40'),(135,'longbenchpassage_retrieval_en','Long Context','Official Dataset',0,'Text',0,'2026-01-11 14:34:41'),(136,'longbenchpassage_retrieval_zh','Long Context','Official Dataset',0,'Text',0,'2026-01-11 14:34:41'),(137,'longbenchqasper','Long Context','Official Dataset',0,'Text',0,'2026-01-11 14:34:41'),(138,'longbenchqmsum','Long Context','Official Dataset',0,'Text',0,'2026-01-11 14:34:41'),(139,'longbenchrepobench','Long Context','Official Dataset',0,'Text',0,'2026-01-11 14:34:41'),(140,'longbenchsamsum','Long Context','Official Dataset',0,'Text',0,'2026-01-11 14:34:42'),(141,'longbenchtrec','Long Context','Official Dataset',0,'Text',0,'2026-01-11 14:34:42'),(142,'longbenchtriviaqa','Long Context','Official Dataset',0,'Text',0,'2026-01-11 14:34:42'),(143,'longbenchvcsum','Long Context','Official Dataset',0,'Text',0,'2026-01-11 14:34:42'),(144,'longbenchv2','Long Context','Official Dataset',0,'Text',0,'2026-01-11 14:34:43'),(145,'lvevalcmrc_mixup','Long Context','Official Dataset',0,'Text',0,'2026-01-11 14:34:43'),(146,'lvevaldureader_mixup','Long Context','Official Dataset',0,'Text',0,'2026-01-11 14:34:43'),(147,'lvevalfactrecall_en','Long Context','Official Dataset',0,'Text',0,'2026-01-11 14:34:43'),(148,'lvevalfactrecall_zh','Long Context','Official Dataset',0,'Text',0,'2026-01-11 14:34:43'),(149,'lvevalhotpotwikiqa_mixup','Reasoning','Official Dataset',0,'Text',0,'2026-01-11 14:34:43'),(150,'lvevallic_mixup','Long Context','Official Dataset',0,'Text',0,'2026-01-11 14:34:44'),(151,'lvevalloogle_CR_mixup','Long Context','Official Dataset',0,'Text',0,'2026-01-11 14:34:44'),(152,'lvevalloogle_MIR_mixup','Long Context','Official Dataset',0,'Text',0,'2026-01-11 14:34:44'),(153,'lvevalloogle_SD_mixup','Long Context','Official Dataset',0,'Text',0,'2026-01-11 14:34:44'),(154,'lvevalmultifieldqa_en_mixup','Reasoning','Official Dataset',0,'Text',0,'2026-01-11 14:34:44'),(155,'lvevalmultifieldqa_zh_mixup','Reasoning','Official Dataset',0,'Text',0,'2026-01-11 14:34:44'),(156,'mastermath2024v1','Math','Official Dataset',0,'Text',0,'2026-01-11 14:34:45'),(157,'matbench','Science','Official Dataset',0,'Text',0,'2026-01-11 14:34:45'),(158,'math','Math','Official Dataset',0,'Text',94,'2026-01-11 14:34:45'),(159,'math401','Math','Official Dataset',0,'Text',401,'2026-01-11 14:34:46'),(160,'MathBench','Math','Official Dataset',0,'Text',94,'2026-01-11 14:34:46'),(161,'mbpp','Code','Official Dataset',0,'Text',1401,'2026-01-11 14:34:46'),(162,'mbpp_cn','Code','Official Dataset',0,'Text',974,'2026-01-11 14:34:46'),(163,'mbpp_plus','Code','Official Dataset',0,'Text',399,'2026-01-11 14:34:47'),(164,'mbpp_pro','Code','Official Dataset',0,'Text',1401,'2026-01-11 14:34:47'),(165,'MedBench','Knowledge','Official Dataset',0,'Text',0,'2026-01-11 14:34:47'),(166,'Medbullets','Science','Official Dataset',0,'Text',0,'2026-01-11 14:34:47'),(167,'medmcqa','Science','Official Dataset',0,'Text',320,'2026-01-11 14:34:48'),(168,'MedXpertQA','Knowledge','Official Dataset',0,'Text',0,'2026-01-11 14:34:48'),(169,'mgsm','Language','Official Dataset',0,'Text',0,'2026-01-11 14:34:49'),(170,'mmlu','Understanding','Official Dataset',0,'Text',145,'2026-01-11 14:34:49'),(171,'MMLUArabic','Understanding','Official Dataset',0,'Text',145,'2026-01-11 14:34:50'),(172,'mmlu_cf','Understanding','Official Dataset',0,'Text',145,'2026-01-11 14:34:50'),(173,'mmlu_pro','Understanding','Official Dataset',0,'Text',145,'2026-01-11 14:34:50'),(174,'mmmlu','Language','Official Dataset',0,'Text',0,'2026-01-11 14:34:51'),(175,'mmmlu_lite','Understanding','Official Dataset',0,'Text',0,'2026-01-11 14:34:51'),(176,'MolInstructions_chem','Other','Official Dataset',0,'Text',0,'2026-01-11 14:34:51'),(177,'multipl_e','Other','Official Dataset',0,'Text',8417,'2026-01-11 14:34:51'),(178,'musr','Reasoning','Official Dataset',0,'Text',0,'2026-01-11 14:34:51'),(179,'narrativeqa','Understanding','Official Dataset',0,'Text',0,'2026-01-11 14:34:52'),(180,'needlebench_base','Knowledge','Official Dataset',0,'Text',0,'2026-01-11 14:34:52'),(181,'nejm_ai_benchmark','Knowledge','Official Dataset',0,'Text',0,'2026-01-11 14:34:52'),(182,'NPHardEval','Reasoning','Official Dataset',0,'Text',0,'2026-01-11 14:34:52'),(183,'nq','Other','Official Dataset',0,'Text',12365,'2026-01-11 14:34:53'),(184,'nq_cn','Other','Official Dataset',0,'Text',12367,'2026-01-11 14:34:53'),(185,'obqa','Reasoning','Official Dataset',0,'Text',0,'2026-01-11 14:34:53'),(186,'ojbench','Knowledge','Official Dataset',0,'Text',0,'2026-01-11 14:34:53'),(187,'OlymMATH','Math','Official Dataset',0,'Text',0,'2026-01-11 14:34:54'),(188,'omni_math','Math','Official Dataset',0,'Text',0,'2026-01-11 14:34:54'),(189,'OpenFinData','Knowledge','Official Dataset',0,'Text',0,'2026-01-11 14:34:54'),(190,'openswi','Other','Official Dataset',0,'Text',0,'2026-01-11 14:34:54'),(191,'PHYBench','Science','Official Dataset',0,'Text',0,'2026-01-11 14:34:54'),(192,'PHYSICS','Science','Official Dataset',0,'Text',305,'2026-01-11 14:34:54'),(193,'piqa','Reasoning','Official Dataset',0,'Text',17951,'2026-01-11 14:34:55'),(194,'PI_LLM','Other','Official Dataset',0,'Text',0,'2026-01-11 14:34:55'),(195,'PJExam','Knowledge','Official Dataset',0,'Text',0,'2026-01-11 14:34:55'),(196,'PMMEval','Language','Official Dataset',0,'Text',0,'2026-01-11 14:34:55'),(197,'PubMedQA','Knowledge','Official Dataset',0,'Text',0,'2026-01-11 14:34:57'),(198,'py150','Code','Official Dataset',0,'Text',10000,'2026-01-11 14:34:57'),(199,'qabench','Knowledge','Official Dataset',0,'Text',1527,'2026-01-11 14:34:57'),(200,'qasper','Long Context','Official Dataset',0,'Text',0,'2026-01-11 14:34:58'),(201,'qaspercut','Long Context','Official Dataset',0,'Text',0,'2026-01-11 14:34:58'),(202,'QuALITY','Long Context','Official Dataset',0,'Text',0,'2026-01-11 14:34:58'),(203,'race','Examination','Official Dataset',0,'Text',0,'2026-01-11 14:34:59'),(204,'realtoxicprompts','Safety','Official Dataset',0,'Text',0,'2026-01-11 14:35:00'),(205,'rolebench','Role Play','Official Dataset',0,'Text',0,'2026-01-11 14:35:00'),(206,'ruler','Long Context','Official Dataset',0,'Text',0,'2026-01-11 14:35:02'),(207,'s3eval','Long Context','Official Dataset',0,'Text',0,'2026-01-11 14:35:07'),(208,'safety','Safety','Official Dataset',0,'Text',0,'2026-01-11 14:35:07'),(209,'scibench','Reasoning','Official Dataset',0,'Text',695,'2026-01-11 14:35:08'),(210,'scicode','Code','Official Dataset',0,'Text',0,'2026-01-11 14:35:08'),(211,'ScienceQA','Knowledge','Official Dataset',0,'Text',0,'2026-01-11 14:35:09'),(212,'SeedBench','Knowledge','Official Dataset',0,'Text',0,'2026-01-11 14:35:09'),(213,'SimpleQA','Knowledge','Official Dataset',0,'Text',0,'2026-01-11 14:35:09'),(214,'siqa','Reasoning','Official Dataset',0,'Text',35364,'2026-01-11 14:35:10'),(215,'SmolInstruct','Science','Official Dataset',0,'Text',0,'2026-01-11 14:35:10'),(216,'squad20','Other','Official Dataset',0,'Text',35,'2026-01-11 14:35:11'),(217,'srbench','Knowledge','Official Dataset',0,'Text',0,'2026-01-11 14:35:11'),(218,'storycloze','Reasoning','Official Dataset',0,'Text',0,'2026-01-11 14:35:12'),(219,'strategyqa','Reasoning','Official Dataset',0,'Text',2290,'2026-01-11 14:35:12'),(220,'flames','Subjective','Official Dataset',0,'Text',0,'2026-01-11 14:35:13'),(221,'summedits','Language','Official Dataset',0,'Text',6348,'2026-01-11 14:35:13'),(222,'summscreen','Understanding','Official Dataset',0,'Text',0,'2026-01-11 14:35:13'),(223,'SuperGLUE_AX_b','Other','Official Dataset',0,'Text',0,'2026-01-11 14:35:13'),(224,'SuperGLUE_AX_g','Other','Official Dataset',0,'Text',0,'2026-01-11 14:35:14'),(225,'SuperGLUE_BoolQ','Other','Official Dataset',0,'Text',0,'2026-01-11 14:35:14'),(226,'SuperGLUE_CB','Other','Official Dataset',0,'Text',0,'2026-01-11 14:35:15'),(227,'SuperGLUE_COPA','Other','Official Dataset',0,'Text',0,'2026-01-11 14:35:16'),(228,'SuperGLUE_MultiRC','Other','Official Dataset',0,'Text',0,'2026-01-11 14:35:16'),(229,'SuperGLUE_ReCoRD','Other','Official Dataset',0,'Text',0,'2026-01-11 14:35:16'),(230,'SuperGLUE_RTE','Other','Official Dataset',0,'Text',0,'2026-01-11 14:35:17'),(231,'SuperGLUE_WiC','Other','Official Dataset',0,'Text',0,'2026-01-11 14:35:17'),(232,'SuperGLUE_WSC','Other','Official Dataset',0,'Text',0,'2026-01-11 14:35:17'),(233,'supergpqa','Knowledge','Official Dataset',0,'Text',56661,'2026-01-11 14:35:18'),(234,'SVAMP','Math','Official Dataset',0,'Text',1000,'2026-01-11 14:35:18'),(235,'TabMWP','Math','Official Dataset',0,'Text',0,'2026-01-11 14:35:18'),(236,'taco','Code','Official Dataset',0,'Text',0,'2026-01-11 14:35:18'),(237,'teval','Other','Official Dataset',0,'Text',0,'2026-01-11 14:35:18'),(238,'TheoremQA','Math','Official Dataset',0,'Text',11798,'2026-01-11 14:35:19'),(239,'triviaqa','Knowledge','Official Dataset',0,'Text',90029,'2026-01-11 14:35:19'),(240,'triviaqarc','Reasoning','Official Dataset',0,'Text',90029,'2026-01-11 14:35:19'),(241,'truthfulqa','Safety','Official Dataset',0,'Text',0,'2026-01-11 14:35:19'),(242,'tydiqa','Reasoning','Official Dataset',0,'Text',0,'2026-01-11 14:35:19'),(243,'wikibench','Knowledge','Official Dataset',0,'Text',1002,'2026-01-11 14:35:20'),(244,'wikitext','Other','Official Dataset',0,'Text',1002,'2026-01-11 14:35:20'),(245,'winograd','Other','Official Dataset',0,'Text',0,'2026-01-11 14:35:20'),(246,'winogrande','Language','Official Dataset',0,'Text',66272,'2026-01-11 14:35:20'),(247,'XCOPA','Language','Official Dataset',0,'Text',0,'2026-01-11 14:35:20'),(248,'xiezhi','Knowledge','Official Dataset',0,'Text',0,'2026-01-11 14:35:21'),(249,'XLSum','Understanding','Official Dataset',0,'Text',4500,'2026-01-11 14:35:21'),(250,'Xsum','Understanding','Official Dataset',0,'Text',205484,'2026-01-11 14:35:21'),(251,'数据集A','Knowledge',NULL,0,'Text',5,'2026-01-11 14:42:15'),(252,'数据集B','Reasoning',NULL,0,'Text',5,'2026-01-11 14:42:54'),(253,'数据集C','Coding',NULL,0,'Text',5,'2026-01-11 14:43:19'),(254,'数据集D','Math',NULL,0,'Text',5,'2026-01-11 14:43:45'),(255,'图像数据集','Image',NULL,0,'Image',5,'2026-01-11 14:58:58'),(256,'我的数据集','Knowledge',NULL,0,'Text',5,'2026-01-12 02:51:15'),(257,'视频数据集','Video',NULL,1,'Video',5,'2026-01-12 02:54:09');
/*!40000 ALTER TABLE `dataset_metas` ENABLE KEYS */;
UNLOCK TABLES;

--
-- Table structure for table `evaluation_metrics`
--

DROP TABLE IF EXISTS `evaluation_metrics`;
/*!40101 SET @saved_cs_client     = @@character_set_client */;
/*!50503 SET character_set_client = utf8mb4 */;
CREATE TABLE `evaluation_metrics` (
  `id` int NOT NULL AUTO_INCREMENT,
  `config_id` int NOT NULL,
  `evaluator_type` varchar(255) NOT NULL,
  `name` varchar(255) NOT NULL,
  `eval_cfg` varchar(255) NOT NULL,
  PRIMARY KEY (`id`),
  KEY `config_id` (`config_id`),
  CONSTRAINT `evaluation_metrics_ibfk_1` FOREIGN KEY (`config_id`) REFERENCES `dataset_configs` (`id`)
) ENGINE=InnoDB DEFAULT CHARSET=utf8mb4 COLLATE=utf8mb4_0900_ai_ci;
/*!40101 SET character_set_client = @saved_cs_client */;

--
-- Dumping data for table `evaluation_metrics`
--

LOCK TABLES `evaluation_metrics` WRITE;
/*!40000 ALTER TABLE `evaluation_metrics` DISABLE KEYS */;
/*!40000 ALTER TABLE `evaluation_metrics` ENABLE KEYS */;
UNLOCK TABLES;

--
-- Table structure for table `evaluation_results`
--

DROP TABLE IF EXISTS `evaluation_results`;
/*!40101 SET @saved_cs_client     = @@character_set_client */;
/*!50503 SET character_set_client = utf8mb4 */;
CREATE TABLE `evaluation_results` (
  `id` int NOT NULL AUTO_INCREMENT,
  `task_id` int NOT NULL,
  `dataset_config_id` int NOT NULL,
  `metric_name` varchar(255) NOT NULL,
  `score` float NOT NULL,
  `dataset_name` varchar(255) NOT NULL,
  `details` json DEFAULT NULL,
  PRIMARY KEY (`id`),
  KEY `ix_evaluation_results_dataset_config_id` (`dataset_config_id`),
  KEY `ix_evaluation_results_task_id` (`task_id`),
  CONSTRAINT `evaluation_results_ibfk_1` FOREIGN KEY (`task_id`) REFERENCES `evaluation_tasks` (`id`),
  CONSTRAINT `evaluation_results_ibfk_2` FOREIGN KEY (`dataset_config_id`) REFERENCES `dataset_configs` (`id`)
) ENGINE=InnoDB AUTO_INCREMENT=19 DEFAULT CHARSET=utf8mb4 COLLATE=utf8mb4_0900_ai_ci;
/*!40101 SET character_set_client = @saved_cs_client */;

--
-- Dumping data for table `evaluation_results`
--

LOCK TABLES `evaluation_results` WRITE;
/*!40000 ALTER TABLE `evaluation_results` DISABLE KEYS */;
INSERT INTO `evaluation_results` VALUES (1,1,380,'accuracy',100,'数据集A','{\"gpt\": 100.0, \"mode\": \"gen\", \"metric\": \"accuracy\", \"dataset\": \"数据集A_Accuracy\", \"version\": \"6696b1\"}'),(2,1,381,'accuracy',100,'数据集B','{\"gpt\": 100.0, \"mode\": \"gen\", \"metric\": \"accuracy\", \"dataset\": \"数据集B_Accuracy\", \"version\": \"6696b1\"}'),(3,1,382,'accuracy',100,'数据集C','{\"gpt\": 100.0, \"mode\": \"gen\", \"metric\": \"accuracy\", \"dataset\": \"数据集C_Accuracy\", \"version\": \"6696b1\"}'),(4,1,383,'accuracy',100,'数据集D','{\"gpt\": 100.0, \"mode\": \"gen\", \"metric\": \"accuracy\", \"dataset\": \"数据集D_Accuracy\", \"version\": \"6696b1\"}'),(5,2,380,'accuracy',100,'数据集A','{\"mode\": \"gen\", \"metric\": \"accuracy\", \"dataset\": \"数据集A_Accuracy\", \"version\": \"6696b1\", \"星火spark\": 100.0}'),(6,2,381,'accuracy',80,'数据集B','{\"mode\": \"gen\", \"metric\": \"accuracy\", \"dataset\": \"数据集B_Accuracy\", \"version\": \"6696b1\", \"星火spark\": 80.0}'),(7,2,382,'accuracy',80,'数据集C','{\"mode\": \"gen\", \"metric\": \"accuracy\", \"dataset\": \"数据集C_Accuracy\", \"version\": \"6696b1\", \"星火spark\": 80.0}'),(8,2,383,'accuracy',100,'数据集D','{\"mode\": \"gen\", \"metric\": \"accuracy\", \"dataset\": \"数据集D_Accuracy\", \"version\": \"6696b1\", \"星火spark\": 100.0}'),(9,3,380,'accuracy',100,'数据集A','{\"mode\": \"gen\", \"metric\": \"accuracy\", \"dataset\": \"数据集A_Accuracy\", \"version\": \"6696b1\", \"baichuan\": 100.0}'),(10,3,381,'accuracy',100,'数据集B','{\"mode\": \"gen\", \"metric\": \"accuracy\", \"dataset\": \"数据集B_Accuracy\", \"version\": \"6696b1\", \"baichuan\": 100.0}'),(11,3,382,'accuracy',100,'数据集C','{\"mode\": \"gen\", \"metric\": \"accuracy\", \"dataset\": \"数据集C_Accuracy\", \"version\": \"6696b1\", \"baichuan\": 100.0}'),(12,3,383,'accuracy',100,'数据集D','{\"mode\": \"gen\", \"metric\": \"accuracy\", \"dataset\": \"数据集D_Accuracy\", \"version\": \"6696b1\", \"baichuan\": 100.0}'),(16,5,380,'accuracy',100,'数据集A','{\"mode\": \"gen\", \"metric\": \"accuracy\", \"dataset\": \"数据集A_Accuracy\", \"version\": \"6696b1\", \"baichuan\": 100.0}'),(17,5,381,'accuracy',100,'数据集B','{\"mode\": \"gen\", \"metric\": \"accuracy\", \"dataset\": \"数据集B_Accuracy\", \"version\": \"6696b1\", \"baichuan\": 100.0}'),(18,5,384,'EM',81.42,'图像数据集','{\"mode\": \"gen\", \"metric\": \"EM\", \"dataset\": \"图像数据集_EM\", \"version\": \"-\", \"baichuan\": 81.42}');
/*!40000 ALTER TABLE `evaluation_results` ENABLE KEYS */;
UNLOCK TABLES;

--
-- Table structure for table `evaluation_schemes`
--

DROP TABLE IF EXISTS `evaluation_schemes`;
/*!40101 SET @saved_cs_client     = @@character_set_client */;
/*!50503 SET character_set_client = utf8mb4 */;
CREATE TABLE `evaluation_schemes` (
  `id` int NOT NULL AUTO_INCREMENT,
  `name` varchar(255) NOT NULL,
  `description` varchar(255) DEFAULT NULL,
  `is_active` tinyint(1) NOT NULL,
  `created_at` datetime NOT NULL,
  PRIMARY KEY (`id`),
  UNIQUE KEY `ix_evaluation_schemes_name` (`name`)
) ENGINE=InnoDB AUTO_INCREMENT=3 DEFAULT CHARSET=utf8mb4 COLLATE=utf8mb4_0900_ai_ci;
/*!40101 SET character_set_client = @saved_cs_client */;

--
-- Dumping data for table `evaluation_schemes`
--

LOCK TABLES `evaluation_schemes` WRITE;
/*!40000 ALTER TABLE `evaluation_schemes` DISABLE KEYS */;
INSERT INTO `evaluation_schemes` VALUES (1,'模型评测','',1,'2026-01-11 14:44:51'),(2,'我的方案','',1,'2026-01-12 03:02:15');
/*!40000 ALTER TABLE `evaluation_schemes` ENABLE KEYS */;
UNLOCK TABLES;

--
-- Table structure for table `evaluation_tasks`
--

DROP TABLE IF EXISTS `evaluation_tasks`;
/*!40101 SET @saved_cs_client     = @@character_set_client */;
/*!50503 SET character_set_client = utf8mb4 */;
CREATE TABLE `evaluation_tasks` (
  `id` int NOT NULL AUTO_INCREMENT,
  `model_id` int NOT NULL,
  `status` varchar(255) NOT NULL,
  `progress` int NOT NULL,
  `datasets_list` varchar(255) NOT NULL,
  `scheme_id` int DEFAULT NULL,
  `result_summary` text,
  `report_path` varchar(255) DEFAULT NULL,
  `created_at` datetime NOT NULL,
  `finished_at` datetime DEFAULT NULL,
  `error_msg` varchar(255) DEFAULT NULL,
  PRIMARY KEY (`id`),
  KEY `ix_evaluation_tasks_model_id` (`model_id`)
) ENGINE=InnoDB AUTO_INCREMENT=6 DEFAULT CHARSET=utf8mb4 COLLATE=utf8mb4_0900_ai_ci;
/*!40101 SET character_set_client = @saved_cs_client */;

--
-- Dumping data for table `evaluation_tasks`
--

LOCK TABLES `evaluation_tasks` WRITE;
/*!40000 ALTER TABLE `evaluation_tasks` DISABLE KEYS */;
INSERT INTO `evaluation_tasks` VALUES (1,1,'success',100,'[380, 381, 382, 383]',1,'{\"radar\": [{\"name\": \"Knowledge\", \"max\": 100, \"score\": 100.0}, {\"name\": \"Reasoning\", \"max\": 100, \"score\": 100.0}, {\"name\": \"Coding\", \"max\": 100, \"score\": 100.0}, {\"name\": \"Math\", \"max\": 100, \"score\": 100.0}], \"table\": [{\"dataset\": \"\\u6570\\u636e\\u96c6A\", \"capability\": \"Knowledge\", \"metric\": \"accuracy\", \"score\": 100.0}, {\"dataset\": \"\\u6570\\u636e\\u96c6B\", \"capability\": \"Reasoning\", \"metric\": \"accuracy\", \"score\": 100.0}, {\"dataset\": \"\\u6570\\u636e\\u96c6C\", \"capability\": \"Coding\", \"metric\": \"accuracy\", \"score\": 100.0}, {\"dataset\": \"\\u6570\\u636e\\u96c6D\", \"capability\": \"Math\", \"metric\": \"accuracy\", \"score\": 100.0}], \"time_stats\": {\"total_duration\": 112.93, \"avg_per_dataset\": 28.23}}',NULL,'2026-01-11 14:45:02','2026-01-11 14:47:00',NULL),(2,2,'success',100,'[380, 381, 382, 383]',1,'{\"radar\": [{\"name\": \"Knowledge\", \"max\": 100, \"score\": 100.0}, {\"name\": \"Reasoning\", \"max\": 100, \"score\": 80.0}, {\"name\": \"Coding\", \"max\": 100, \"score\": 80.0}, {\"name\": \"Math\", \"max\": 100, \"score\": 100.0}], \"table\": [{\"dataset\": \"\\u6570\\u636e\\u96c6A\", \"capability\": \"Knowledge\", \"metric\": \"accuracy\", \"score\": 100.0}, {\"dataset\": \"\\u6570\\u636e\\u96c6B\", \"capability\": \"Reasoning\", \"metric\": \"accuracy\", \"score\": 80.0}, {\"dataset\": \"\\u6570\\u636e\\u96c6C\", \"capability\": \"Coding\", \"metric\": \"accuracy\", \"score\": 80.0}, {\"dataset\": \"\\u6570\\u636e\\u96c6D\", \"capability\": \"Math\", \"metric\": \"accuracy\", \"score\": 100.0}], \"time_stats\": {\"total_duration\": 90.49, \"avg_per_dataset\": 22.62}}',NULL,'2026-01-11 14:48:44','2026-01-11 14:50:18',NULL),(3,3,'success',100,'[380, 381, 382, 383]',1,'{\"radar\": [{\"name\": \"Knowledge\", \"max\": 100, \"score\": 100.0}, {\"name\": \"Reasoning\", \"max\": 100, \"score\": 100.0}, {\"name\": \"Coding\", \"max\": 100, \"score\": 100.0}, {\"name\": \"Math\", \"max\": 100, \"score\": 100.0}], \"table\": [{\"dataset\": \"\\u6570\\u636e\\u96c6A\", \"capability\": \"Knowledge\", \"metric\": \"accuracy\", \"score\": 100.0}, {\"dataset\": \"\\u6570\\u636e\\u96c6B\", \"capability\": \"Reasoning\", \"metric\": \"accuracy\", \"score\": 100.0}, {\"dataset\": \"\\u6570\\u636e\\u96c6C\", \"capability\": \"Coding\", \"metric\": \"accuracy\", \"score\": 100.0}, {\"dataset\": \"\\u6570\\u636e\\u96c6D\", \"capability\": \"Math\", \"metric\": \"accuracy\", \"score\": 100.0}], \"time_stats\": {\"total_duration\": 128.27, \"avg_per_dataset\": 32.07}}',NULL,'2026-01-11 14:50:57','2026-01-11 14:53:07',NULL),(5,3,'success',100,'[380, 381, 384]',2,'{\"radar\": [{\"name\": \"Knowledge\", \"max\": 100, \"score\": 100.0}, {\"name\": \"Reasoning\", \"max\": 100, \"score\": 100.0}, {\"name\": \"Image\", \"max\": 100, \"score\": 81.4}], \"table\": [{\"dataset\": \"\\u6570\\u636e\\u96c6A\", \"capability\": \"Knowledge\", \"metric\": \"accuracy\", \"score\": 100.0}, {\"dataset\": \"\\u6570\\u636e\\u96c6B\", \"capability\": \"Reasoning\", \"metric\": \"accuracy\", \"score\": 100.0}, {\"dataset\": \"\\u56fe\\u50cf\\u6570\\u636e\\u96c6\", \"capability\": \"Image\", \"metric\": \"EM\", \"score\": 81.42}], \"time_stats\": {\"total_duration\": 101.81, \"avg_per_dataset\": 33.94}}',NULL,'2026-01-12 03:10:32','2026-01-12 03:12:16',NULL);
/*!40000 ALTER TABLE `evaluation_tasks` ENABLE KEYS */;
UNLOCK TABLES;

--
-- Table structure for table `llm_models`
--

DROP TABLE IF EXISTS `llm_models`;
/*!40101 SET @saved_cs_client     = @@character_set_client */;
/*!50503 SET character_set_client = utf8mb4 */;
CREATE TABLE `llm_models` (
  `id` int NOT NULL AUTO_INCREMENT,
  `name` varchar(255) NOT NULL,
  `param_size` varchar(255) NOT NULL,
  `type` varchar(255) NOT NULL,
  `path` varchar(255) NOT NULL,
  `base_url` varchar(255) DEFAULT NULL,
  `api_key` varchar(255) DEFAULT NULL,
  `config_json` varchar(255) DEFAULT NULL,
  `created_at` datetime NOT NULL,
  PRIMARY KEY (`id`),
  UNIQUE KEY `ix_llm_models_name` (`name`)
) ENGINE=InnoDB AUTO_INCREMENT=5 DEFAULT CHARSET=utf8mb4 COLLATE=utf8mb4_0900_ai_ci;
/*!40101 SET character_set_client = @saved_cs_client */;

--
-- Dumping data for table `llm_models`
--

LOCK TABLES `llm_models` WRITE;
/*!40000 ALTER TABLE `llm_models` DISABLE KEYS */;
INSERT INTO `llm_models` VALUES (1,'gpt','','api','gpt-3.5-turbo','https://api.chatanywhere.org/v1/chat/completions','sk-OjjN3nmNeSZxEE8c2QJz985fdY3b9XegsKi7lTcl8z6Sr2de','{}','2026-01-11 14:37:33'),(2,'星火spark','7B','api','xsparklitepatch','https://maas-api.cn-huabei-1.xf-yun.com/v1/chat/completions','sk-zTs6XCwv0yxZlv4MB99191D663Fa423f9eDaC0944bAa7dA3','{}','2026-01-11 14:38:00'),(3,'baichuan','','api','Baichuan4-Turbo','https://api.baichuan-ai.com/v1/chat/completions','sk-46248d718f42d1eca9f6d19408b9c9f6','{}','2026-01-11 14:38:33');
/*!40000 ALTER TABLE `llm_models` ENABLE KEYS */;
UNLOCK TABLES;

--
-- Table structure for table `scheme_dataset_links`
--

DROP TABLE IF EXISTS `scheme_dataset_links`;
/*!40101 SET @saved_cs_client     = @@character_set_client */;
/*!50503 SET character_set_client = utf8mb4 */;
CREATE TABLE `scheme_dataset_links` (
  `scheme_id` int NOT NULL,
  `dataset_config_id` int NOT NULL,
  PRIMARY KEY (`scheme_id`,`dataset_config_id`),
  KEY `dataset_config_id` (`dataset_config_id`),
  CONSTRAINT `scheme_dataset_links_ibfk_1` FOREIGN KEY (`scheme_id`) REFERENCES `evaluation_schemes` (`id`),
  CONSTRAINT `scheme_dataset_links_ibfk_2` FOREIGN KEY (`dataset_config_id`) REFERENCES `dataset_configs` (`id`)
) ENGINE=InnoDB DEFAULT CHARSET=utf8mb4 COLLATE=utf8mb4_0900_ai_ci;
/*!40101 SET character_set_client = @saved_cs_client */;

--
-- Dumping data for table `scheme_dataset_links`
--

LOCK TABLES `scheme_dataset_links` WRITE;
/*!40000 ALTER TABLE `scheme_dataset_links` DISABLE KEYS */;
INSERT INTO `scheme_dataset_links` VALUES (1,380),(2,380),(1,381),(2,381),(1,382),(1,383),(2,384);
/*!40000 ALTER TABLE `scheme_dataset_links` ENABLE KEYS */;
UNLOCK TABLES;

--
-- Table structure for table `sys_dicts`
--

DROP TABLE IF EXISTS `sys_dicts`;
/*!40101 SET @saved_cs_client     = @@character_set_client */;
/*!50503 SET character_set_client = utf8mb4 */;
CREATE TABLE `sys_dicts` (
  `id` int NOT NULL AUTO_INCREMENT,
  `category` varchar(255) NOT NULL,
  `code` varchar(255) NOT NULL,
  `label` varchar(255) NOT NULL,
  `sort_order` int NOT NULL,
  `description` varchar(255) DEFAULT NULL,
  `created_at` datetime NOT NULL,
  PRIMARY KEY (`id`),
  KEY `ix_sys_dicts_category` (`category`),
  KEY `ix_sys_dicts_code` (`code`)
) ENGINE=InnoDB AUTO_INCREMENT=5 DEFAULT CHARSET=utf8mb4 COLLATE=utf8mb4_0900_ai_ci;
/*!40101 SET character_set_client = @saved_cs_client */;

--
-- Dumping data for table `sys_dicts`
--

LOCK TABLES `sys_dicts` WRITE;
/*!40000 ALTER TABLE `sys_dicts` DISABLE KEYS */;
INSERT INTO `sys_dicts` VALUES (1,'model_param_size','7B','7B',0,'模型导入参数配置','2026-01-11 14:36:18'),(2,'model_param_size','13B','13B',0,'','2026-01-11 14:36:30'),(3,'model_param_size','40B','40B',0,'','2026-01-11 15:01:23'),(4,'model_param_size','23B','23B',0,'','2026-01-12 03:23:20');
/*!40000 ALTER TABLE `sys_dicts` ENABLE KEYS */;
UNLOCK TABLES;

--
-- Table structure for table `task_dataset_links`
--

DROP TABLE IF EXISTS `task_dataset_links`;
/*!40101 SET @saved_cs_client     = @@character_set_client */;
/*!50503 SET character_set_client = utf8mb4 */;
CREATE TABLE `task_dataset_links` (
  `task_id` int NOT NULL,
  `dataset_config_id` int NOT NULL,
  `config_snapshot` varchar(255) DEFAULT NULL,
  PRIMARY KEY (`task_id`,`dataset_config_id`),
  KEY `dataset_config_id` (`dataset_config_id`),
  CONSTRAINT `task_dataset_links_ibfk_1` FOREIGN KEY (`task_id`) REFERENCES `evaluation_tasks` (`id`),
  CONSTRAINT `task_dataset_links_ibfk_2` FOREIGN KEY (`dataset_config_id`) REFERENCES `dataset_configs` (`id`)
) ENGINE=InnoDB DEFAULT CHARSET=utf8mb4 COLLATE=utf8mb4_0900_ai_ci;
/*!40101 SET character_set_client = @saved_cs_client */;

--
-- Dumping data for table `task_dataset_links`
--

LOCK TABLES `task_dataset_links` WRITE;
/*!40000 ALTER TABLE `task_dataset_links` DISABLE KEYS */;
INSERT INTO `task_dataset_links` VALUES (1,380,NULL),(1,381,NULL),(1,382,NULL),(1,383,NULL),(2,380,NULL),(2,381,NULL),(2,382,NULL),(2,383,NULL),(3,380,NULL),(3,381,NULL),(3,382,NULL),(3,383,NULL),(5,380,NULL),(5,381,NULL),(5,384,NULL);
/*!40000 ALTER TABLE `task_dataset_links` ENABLE KEYS */;
UNLOCK TABLES;

--
-- Table structure for table `users`
--

DROP TABLE IF EXISTS `users`;
/*!40101 SET @saved_cs_client     = @@character_set_client */;
/*!50503 SET character_set_client = utf8mb4 */;
CREATE TABLE `users` (
  `id` int NOT NULL AUTO_INCREMENT,
  `username` varchar(255) NOT NULL,
  `hashed_password` varchar(255) NOT NULL,
  `role` varchar(255) NOT NULL,
  `is_active` tinyint(1) NOT NULL,
  `created_at` datetime NOT NULL,
  PRIMARY KEY (`id`),
  UNIQUE KEY `ix_users_username` (`username`)
) ENGINE=InnoDB AUTO_INCREMENT=4 DEFAULT CHARSET=utf8mb4 COLLATE=utf8mb4_0900_ai_ci;
/*!40101 SET character_set_client = @saved_cs_client */;

--
-- Dumping data for table `users`
--

LOCK TABLES `users` WRITE;
/*!40000 ALTER TABLE `users` DISABLE KEYS */;
INSERT INTO `users` VALUES (1,'admin','45aa8ce506fb8f5f851715ae999961d9$83a29725ae8d6b8b291ce995d501b3ae3fd5eaeca8146f72dc240e85a787f93b','admin',1,'2026-01-11 14:32:35'),(2,'zhangsan','7656348a5a0550ed839b19c621138424$95b190b011a9f2cea0dfe1639b9ef715b9e026b9a7cbfa4556da435879e25dcc','user',1,'2026-01-11 14:33:41'),(3,'lisi','94831a9e0376198fd0f82004386649fd$dc4127d19c643422e1a8129e17a7fe5585c09fd7708ae2020520978f11707ff7','user',1,'2026-01-12 03:30:32');
/*!40000 ALTER TABLE `users` ENABLE KEYS */;
UNLOCK TABLES;
/*!40103 SET TIME_ZONE=@OLD_TIME_ZONE */;

/*!40101 SET SQL_MODE=@OLD_SQL_MODE */;
/*!40014 SET FOREIGN_KEY_CHECKS=@OLD_FOREIGN_KEY_CHECKS */;
/*!40014 SET UNIQUE_CHECKS=@OLD_UNIQUE_CHECKS */;
/*!40101 SET CHARACTER_SET_CLIENT=@OLD_CHARACTER_SET_CLIENT */;
/*!40101 SET CHARACTER_SET_RESULTS=@OLD_CHARACTER_SET_RESULTS */;
/*!40101 SET COLLATION_CONNECTION=@OLD_COLLATION_CONNECTION */;
/*!40111 SET SQL_NOTES=@OLD_SQL_NOTES */;

-- Dump completed on 2026-01-13  7:54:54
